Date,Open,High,Low,Close,Volume,buy_setup_cond,buy_setup_count,sell_setup_cond,sell_setup_count,buy_intersection,sell_intersection,buy_countdown_count,sell_countdown_count,tdst_support,tdst_resistance,bb_middle,bb_upper,bb_lower,recommendation
2025-05-12 00:00:00-04:00,210.32995926202443,210.6290521628615,206.1227607044075,210.15049743652344,63775800,False,0,False,0,False,False,0,0,,,,,,HOLD
2025-05-13 00:00:00-04:00,209.79158118866218,212.75257189298435,208.36592688565332,212.28399658203125,51909300,False,0,False,0,False,False,0,0,,,,,,HOLD
2025-05-14 00:00:00-04:00,211.78550901932945,213.29093762104833,209.94113079478424,211.68582153320312,49325800,False,0,False,0,False,False,0,0,,,,,,HOLD
2025-05-15 00:00:00-04:00,210.31001909194578,212.31393091132972,208.90429308394448,210.80850219726562,45029500,False,0,False,0,False,False,0,0,,,,,,HOLD
2025-05-16 00:00:00-04:00,211.71573318604425,211.92510277199543,209.1335944967917,210.6190643310547,54737900,False,0,True,1,False,False,0,0,,,,,,HOLD
2025-05-19 00:00:00-04:00,207.27923550566183,208.84446444770495,203.64029993754312,208.14659118652344,46140500,True,1,False,0,False,False,0,0,,,,,,HOLD
2025-05-20 00:00:00-04:00,207.03996203611737,207.83753801206538,204.40797196423648,206.232421875,42496600,True,2,False,0,False,False,0,0,,,,,,HOLD
2025-05-21 00:00:00-04:00,204.5475404614086,206.41186226922272,200.10108001028593,201.4768829345703,59211800,True,3,False,0,False,False,0,0,,,,,,HOLD
2025-05-22 00:00:00-04:00,200.1010626250374,202.13486667390606,199.09411717835945,200.74908447265625,46742400,True,4,False,0,False,False,0,0,,,,,,HOLD
2025-05-23 00:00:00-04:00,193.082445017036,197.1002176461426,192.8730906309023,194.67759704589844,78432900,True,5,False,0,False,False,0,0,,,,,,HOLD
2025-05-27 00:00:00-04:00,197.6983910952664,200.1309909415137,196.83102019804124,199.60260009765625,56288500,True,6,False,0,False,False,0,0,,,,,,HOLD
2025-05-28 00:00:00-04:00,199.98143310081724,202.11494001836002,199.2935240345892,199.81195068359375,45339700,True,7,False,0,False,False,0,0,,,,,,HOLD
2025-05-29 00:00:00-04:00,202.9623758748587,203.19167383577107,197.90775006205254,199.3433837890625,51396800,True,8,False,0,True,False,0,0,,,,,,HOLD
2025-05-30 00:00:00-04:00,198.7651407343476,201.3472946799051,196.18300200128658,200.24066162109375,70819900,False,0,True,1,False,False,0,0,,,,,,HOLD
2025-06-02 00:00:00-04:00,199.67238359256916,201.51677709467234,199.51286535414474,201.08807373046875,35423300,False,0,True,2,False,False,0,0,,,,,,HOLD
2025-06-03 00:00:00-04:00,200.73913195165156,203.1517881077627,200.35031577799097,202.65330505371094,46381600,False,0,True,3,False,False,0,0,,,,,,HOLD
2025-06-04 00:00:00-04:00,202.29440469878628,205.6143037964219,201.48686455307688,202.20468139648438,43604000,False,0,True,4,False,False,0,0,,,,,,HOLD
2025-06-05 00:00:00-04:00,202.88261988754903,204.12882762641604,199.54277706238673,200.02133178710938,55126100,True,1,False,0,False,False,0,0,,,,,,HOLD
2025-06-06 00:00:00-04:00,202.3841235560851,205.07592905349443,201.4370087789868,203.30133056640625,46607700,False,0,True,1,False,False,0,0,,,,,,HOLD
2025-06-09 00:00:00-04:00,203.76991971327615,205.37503589356555,199.4131823149893,200.83883666992188,72862600,True,1,False,0,False,False,0,0,,,203.7968307495117,213.98875192069542,193.604909578328,HOLD
2025-06-10 00:00:00-04:00,199.9914028593682,203.73002568042446,199.96149509379936,202.05511474609375,54672600,True,2,False,0,False,False,0,0,,,203.39206161499024,213.1555295572189,193.62859367276158,HOLD
2025-06-11 00:00:00-04:00,202.88260699920767,203.8795731269679,197.80805305990708,198.1769256591797,60989900,True,3,False,0,False,False,0,0,,,202.68670806884765,211.75923302126694,193.61418311642836,HOLD
2025-06-12 00:00:00-04:00,198.47602627663701,199.07419684911244,196.7612432530472,198.5956573486328,43904600,True,4,False,0,False,False,0,0,,,202.03219985961914,210.21640674001557,193.8479929792227,HOLD
2025-06-13 00:00:00-04:00,199.12405177447246,199.76210952406473,195.1062792678608,195.85400390625,51447300,True,5,False,0,False,False,0,0,,,201.28447494506835,208.7976307372702,193.7713191528665,HOLD
2025-06-16 00:00:00-04:00,196.701426450214,198.08720880439395,195.96366601516638,197.81802368164062,43020700,True,6,False,0,False,False,0,0,,,200.64442291259766,206.88206864883603,194.4067771763593,HOLD
2025-06-17 00:00:00-04:00,196.6017124403596,197.78810453675544,194.61775963167673,195.04644775390625,38856200,True,7,False,0,False,False,0,0,,,199.9894157409668,205.63300874991583,194.34582273201775,HOLD
2025-06-18 00:00:00-04:00,195.34553910938874,196.97059871241268,194.4781834746436,195.9835968017578,45394700,True,8,False,0,True,False,0,0,,,199.4769744873047,204.56788927958402,194.38605969502535,HOLD
2025-06-20 00:00:00-04:00,197.63856158511533,201.08805571006383,196.26274352386682,200.3901824951172,96813500,False,0,True,1,False,False,0,0,,,199.42263946533203,204.4464351142835,194.39884381638055,HOLD
2025-06-23 00:00:00-04:00,201.01829760639046,201.68626312768808,198.35639970659372,200.88868713378906,55814300,False,0,True,2,False,False,0,0,,,199.42961959838868,204.46155650484394,194.39768269193343,HOLD
2025-06-24 00:00:00-04:00,201.97536755465325,202.8227948624406,199.59261907789957,199.69232177734375,54064000,False,0,True,3,False,False,0,0,,,199.68035583496095,204.18770115668312,195.17301051323878,HOLD
2025-06-25 00:00:00-04:00,200.83883469818846,203.05210084338043,200.01135094007643,200.94850158691406,39525700,False,0,True,4,False,False,0,0,,,199.74765090942384,204.29015992946563,195.20514188938205,HOLD
2025-06-26 00:00:00-04:00,200.81887060840756,202.0252062612044,198.85486142223453,200.3901824951172,50799100,False,0,False,0,False,False,0,0,,,199.7765625,204.32814611597547,195.22497888402455,HOLD
2025-06-27 00:00:00-04:00,201.2774955925489,202.60346239871808,199.39323017588663,200.46995544433594,73188600,True,1,False,0,False,False,0,0,,,199.83289108276367,204.38978361831553,195.2759985472118,HOLD
2025-06-30 00:00:00-04:00,201.39712965217615,206.7608124915243,198.6554726965608,204.54754638671875,91912800,False,0,True,1,False,False,0,0,,,200.04823532104493,205.06964769337424,195.02682294871562,HOLD
2025-07-01 00:00:00-04:00,206.04299395149746,209.55231908550664,205.51460310500556,207.18951416015625,78788900,False,0,True,2,False,False,0,0,,,200.3533073425293,206.29733550506867,194.4092791799899,HOLD
2025-07-02 00:00:00-04:00,208.2761972389462,212.69274987948137,207.5085290616707,211.7954864501953,67941800,False,0,True,3,False,False,0,0,,,200.8104164123535,208.61431537730687,193.00651744740014,HOLD
2025-07-03 00:00:00-04:00,211.5063683517463,213.9987837940836,211.16740350258758,212.90213012695312,34955800,False,0,True,4,False,False,0,0,,,201.34528884887695,210.83570263559676,191.85487506215713,HOLD
2025-07-07 00:00:00-04:00,212.03474730839852,215.57398008038285,208.16652910348648,209.3130340576172,50229000,False,0,True,5,False,False,0,0,,,201.80987396240235,211.9170688526599,191.7026790721448,HOLD
2025-07-08 00:00:00-04:00,209.46260228799343,210.78855393169587,207.8175989494771,209.37286376953125,42848900,False,0,True,6,False,False,0,0,,,202.1134506225586,212.75961911406276,191.46728213105442,HOLD
2025-07-09 00:00:00-04:00,208.8943192909964,210.6888614301138,206.59132988433592,210.4994354248047,48749400,True,1,False,0,False,False,0,0,,,202.59648056030272,213.85799428318083,191.33496683742462,HOLD
2025-07-10 00:00:00-04:00,209.87133445003573,212.83232507172787,209.39279496736208,211.7655792236328,44443600,True,2,False,0,False,False,0,0,,,203.08200378417968,215.0597697752925,191.10423779306686,HOLD
2025-07-11 00:00:00-04:00,209.93115706069412,211.48642172848318,209.22330444266433,210.5193634033203,39765800,False,0,True,1,False,False,0,0,,,203.69912567138672,215.88285433213062,191.51539701064283,HOLD
2025-07-14 00:00:00-04:00,209.29309904361602,210.27013683517245,206.91035052542594,207.98707580566406,38840100,True,1,False,0,False,False,0,0,,,204.16869659423827,216.2477049168523,192.08968827162423,HOLD
2025-07-15 00:00:00-04:00,208.5852680860029,211.2471659954246,208.2861751856472,208.47560119628906,42296300,True,2,False,0,False,False,0,0,,,204.79977645874024,216.35729100326097,193.2422619142195,HOLD
2025-07-16 00:00:00-04:00,209.66198981724762,211.7556096589697,208.0070223143888,209.5224151611328,47490500,True,3,False,0,False,False,0,0,,,205.38499603271484,216.63521691569153,194.13477514973815,HOLD
2025-07-17 00:00:00-04:00,209.93116216460888,211.15742622671814,208.95412441878605,209.38282775878906,48068100,True,4,False,0,False,False,0,0,,,206.101815032959,216.36176240652276,195.84186765939523,HOLD
2025-07-18 00:00:00-04:00,210.23024956462245,211.1474566075158,209.06380098140497,210.539306640625,48974600,False,0,True,1,False,False,0,0,,,206.82960052490233,216.08316914136083,197.57603190844384,HOLD
2025-07-21 00:00:00-04:00,211.45652088357517,215.12534891613055,210.98794558852114,211.83535766601562,51377400,False,0,True,2,False,False,0,0,,,207.40185928344727,216.39047695038713,198.4132416165074,HOLD
2025-07-22 00:00:00-04:00,212.49337032996837,214.29787667610697,211.5861274580158,213.74954223632812,46404100,False,0,True,3,False,False,0,0,,,208.0449020385742,216.91091061826899,199.17889345887943,HOLD
2025-07-23 00:00:00-04:00,214.3477325289176,214.49727137359017,211.76559372759175,213.50030517578125,46989300,False,0,True,4,False,False,0,0,,,208.73530120849608,216.992251323844,200.47835109314818,HOLD
2025-07-24 00:00:00-04:00,213.25104009789538,215.0356179140754,212.88216751340357,213.11146545410156,46022600,False,0,True,5,False,False,0,0,,,209.34344940185548,216.95177587101182,201.73512293269914,HOLD
2025-07-25 00:00:00-04:00,214.04862920984866,214.58699944946258,212.7525701732737,213.2311248779297,40268800,False,0,True,6,False,False,0,0,,,209.9854965209961,216.50138871471918,203.469604327273,HOLD
2025-07-28 00:00:00-04:00,213.38067592321022,214.1981955143971,212.41361748607306,213.40061950683594,37858000,True,1,False,0,False,False,0,0,,,210.63202972412108,215.54018581487026,205.7238736333719,HOLD
2025-07-29 00:00:00-04:00,213.53020352524888,214.1582970701604,210.18041185237743,210.62904357910156,51411700,True,2,False,0,False,False,0,0,,,210.93610458374025,214.92443817671102,206.94777099076947,HOLD
2025-07-30 00:00:00-04:00,211.25711581327238,211.74563469104578,207.0898047125579,208.415771484375,45512500,True,3,False,0,False,False,0,0,,,210.99741744995117,214.77539454191862,207.21944035798373,HOLD
2025-07-31 00:00:00-04:00,207.85748415888986,209.20337937318874,206.5315173151756,206.94027709960938,80698400,True,4,False,0,False,False,0,0,,,210.75465698242186,214.92073800373305,206.58857596111068,HOLD
2025-08-01 00:00:00-04:00,210.23025491744008,212.93203997684435,200.88868661623732,201.76602172851562,104434500,True,5,False,0,False,False,0,0,,,210.1978515625,215.86261568951323,204.53308743548678,HOLD
2025-08-04 00:00:00-04:00,203.8895472057539,207.24933356384108,201.06813110178,202.7330780029297,75109300,True,6,False,0,False,False,0,0,,,209.8688537597656,216.4415328756919,203.29617464383932,HOLD
2025-08-05 00:00:00-04:00,202.78290655256814,204.71702329589334,201.54667827641916,202.3043670654297,44155100,True,7,False,0,False,False,0,0,,,209.51542892456055,216.90927838432683,202.12157946479428,HOLD
2025-08-06 00:00:00-04:00,205.00616501036765,214.72658548105818,204.96627784328447,212.60304260253906,108483100,False,0,True,1,False,False,0,0,,,209.62060928344727,217.1323072200906,202.10891134680392,HOLD
2025-08-07 00:00:00-04:00,218.2159523061407,220.1799768073744,215.92292715514498,219.36245727539062,90224800,False,0,True,2,False,False,0,0,,,210.00045318603514,218.65084053886127,201.35006583320902,HOLD
2025-08-08 00:00:00-04:00,220.16003429974123,230.29917810781973,218.58482597462978,228.65419006347656,113854000,False,0,True,3,False,False,0,0,,,210.90719451904297,222.93074808090176,198.88364095718418,HOLD
2025-08-11 00:00:00-04:00,227.48640043221798,229.12327986736793,224.3324083989562,226.747802734375,61806100,False,0,True,4,False,False,0,0,,,211.84523086547853,225.69774173647383,197.99271999448322,HOLD
2025-08-12 00:00:00-04:00,227.57622481823222,230.36092560837628,226.63802588155738,229.21310424804688,55626200,False,0,True,5,False,False,0,0,,,212.8821060180664,228.6453122967918,197.118899739341,HOLD
2025-08-13 00:00:00-04:00,230.6304284784954,234.55294488479396,229.99163136972763,232.88612365722656,69878500,False,0,True,6,False,False,0,0,,,214.0502914428711,232.06697229964777,196.03361058609443,HOLD
2025-08-14 00:00:00-04:00,233.6147219132583,234.67270293292236,230.41083714463488,232.337158203125,51916300,False,0,True,7,False,False,0,0,,,215.1980079650879,234.81611433091152,195.57990159926428,HOLD
2025-08-15 00:00:00-04:00,233.5548328767578,233.834298979768,228.9036945156081,231.1494140625,56038700,False,0,True,8,False,True,0,0,,,216.22851333618163,236.95042136972558,195.5066053026377,HOLD
2025-08-18 00:00:00-04:00,231.25921652669462,232.67651332576617,229.672244959047,230.4507598876953,37476200,False,0,True,9,False,True,0,0,,234.67270293292236,217.15928344726564,238.70621540545545,195.61235148907582,SELL
2025-08-19 00:00:00-04:00,230.84001516813981,232.42698672077375,228.9136940815642,230.1213836669922,39402600,True,1,False,0,False,False,0,0,,234.67270293292236,217.97787551879884,240.21237532258044,195.74337571501724,HOLD
2025-08-20 00:00:00-04:00,229.54248102593337,230.0315543310328,225.3404986724704,225.5800323486328,42263900,True,2,False,0,False,False,0,0,,234.67270293292236,218.5818618774414,240.96004591599453,196.2036778388883,HOLD
2025-08-21 00:00:00-04:00,225.83955683035407,226.08908123987146,223.35428822884654,224.47215270996094,30621200,True,3,False,0,False,False,0,0,,234.67270293292236,219.14989624023437,241.5201624665298,196.77963001393894,HOLD
2025-08-22 00:00:00-04:00,225.73973438952316,228.65417758009713,224.98118568943215,227.3267059326172,42477800,True,4,False,0,False,False,0,0,,234.67270293292236,219.85467529296875,242.32772790205257,197.38162268388493,HOLD
2025-08-25 00:00:00-04:00,226.04912998143794,228.86377239669042,225.79960559269966,226.72784423828125,30983100,True,5,False,0,False,False,0,1,,234.67270293292236,220.52103652954102,242.97864953373306,198.06342352534898,HOLD
2025-08-26 00:00:00-04:00,226.43840339540802,229.0534295301293,224.26255788237486,228.87376403808594,54575100,False,0,True,1,False,False,0,2,,234.67270293292236,221.43327255249022,243.6802539199898,199.18629118499064,HOLD
2025-08-27 00:00:00-04:00,228.17510050695543,230.46073738560713,227.82576024347395,230.05152893066406,31259500,False,0,True,2,False,False,0,3,,234.67270293292236,222.5150604248047,244.19368226760898,200.8364385820004,HOLD
2025-08-28 00:00:00-04:00,230.3809040856524,232.9659733126178,228.90370861616245,232.11758422851562,38074700,False,0,True,3,False,False,0,4,,234.67270293292236,223.77392578125,244.54973312803847,202.99811843446153,HOLD
2025-08-29 00:00:00-04:00,232.0676707602769,232.9360260407387,230.92984008944924,231.69837951660156,39418400,False,0,True,4,False,False,0,5,,234.67270293292236,225.2705436706543,243.53131056466884,207.00977677663974,HOLD
2025-09-02 00:00:00-04:00,228.81388239599917,230.4108447009183,226.53822101083426,229.28298950195312,44075600,False,0,True,5,False,False,0,0,,234.67270293292236,226.59803924560546,241.51416692634268,211.68191156486824,HOLD
2025-09-03 00:00:00-04:00,236.75874463665696,238.395624134605,233.9141603097862,238.01634216308594,66427800,False,0,True,6,False,False,0,6,,234.67270293292236,228.38363800048828,238.97916321229837,217.78811278867818,HOLD
2025-09-04 00:00:00-04:00,237.99636566705198,239.44360411673358,236.28962732845326,239.32383728027344,47549400,False,0,True,7,False,False,0,7,,234.67270293292236,229.719677734375,238.52422452266518,220.91513094608484,HOLD
2025-09-05 00:00:00-04:00,239.54341659874092,240.86091270031892,238.03629475202086,239.2340087890625,54870400,False,0,True,8,False,True,0,8,,234.67270293292236,230.7132553100586,239.07012152581606,222.35638909430114,HOLD
2025-09-08 00:00:00-04:00,238.84475646782593,239.69313028194867,235.89038089866295,237.42745971679688,48999500,False,0,True,9,False,True,0,0,,240.86091270031892,231.15191879272462,239.96242734616436,222.34141023928487,SELL
2025-09-09 00:00:00-04:00,236.54912730927947,238.3257397896772,232.9160527142261,233.9041748046875,66313900,True,1,False,0,False,False,0,0,,240.86091270031892,231.50973739624024,240.14670849602743,222.87276629645305,HOLD
2025-09-10 00:00:00-04:00,231.7482872752143,231.97784546194652,225.52015268533836,226.35855102539062,83440800,True,2,False,0,False,False,0,0,,240.86091270031892,231.36700973510742,240.2544912320511,222.47952823816374,HOLD
2025-09-11 00:00:00-04:00,226.44839058875493,230.01159113632517,226.21881717306923,229.59239196777344,50208600,True,3,False,0,False,False,0,0,,240.86091270031892,231.20232315063475,240.0933468042401,222.3112994970294,HOLD
2025-09-12 00:00:00-04:00,228.78393068206054,234.06386022938602,228.58431421011397,233.6247100830078,55824200,True,4,False,0,False,False,0,1,,240.86091270031892,231.2667007446289,240.21080966737458,222.32259182188324,HOLD
2025-09-15 00:00:00-04:00,236.54912714503797,237.7368657054393,234.58287368836292,236.24969482421875,42699500,False,0,True,1,False,False,0,2,,240.86091270031892,231.52171478271484,240.7384270820707,222.30500248335898,HOLD
2025-09-16 00:00:00-04:00,236.72878926810645,240.76111223381088,235.87043992435724,237.6969451904297,63421100,False,0,True,2,False,False,0,3,,240.86091270031892,231.88402404785157,241.48515498751135,222.2828931081918,HOLD
2025-09-17 00:00:00-04:00,238.5153883976145,239.6432435766681,237.27774187166392,238.5353546142578,46508000,False,0,True,3,False,False,0,4,,240.86091270031892,232.30472259521486,242.30952880453398,222.29991638589573,HOLD
2025-09-18 00:00:00-04:00,239.5134800259323,240.74113579799257,236.199788714976,237.42745971679688,44249600,False,0,True,4,False,False,0,0,,240.86091270031892,232.89709396362304,242.62453317390057,223.1696547533455,HOLD
2025-09-19 00:00:00-04:00,240.77107799962133,245.83144010441063,239.7530294205925,245.032958984375,163741300,False,0,True,5,False,False,0,5,,240.86091270031892,233.92513427734374,244.23222786423432,223.61804069045317,HOLD
2025-09-22 00:00:00-04:00,247.82763635806887,256.15178189089505,247.64797087114997,255.5928192138672,105517400,False,0,True,6,False,False,0,6,,240.86091270031892,235.33843994140625,249.0314846789741,221.6453952038384,HOLD
2025-09-23 00:00:00-04:00,255.39322235208516,256.8504363399061,253.0975947938589,253.9459686279297,60275200,False,0,True,7,False,False,0,7,,240.86091270031892,236.69934616088867,252.09366468272975,221.30502763904758,HOLD
2025-09-24 00:00:00-04:00,254.73446948849343,255.2534845023776,250.56241362070242,251.8300018310547,42303700,False,0,True,8,False,True,0,0,,240.86091270031892,237.8471580505371,254.17940910136522,221.51490699970898,HOLD
2025-09-25 00:00:00-04:00,252.72829161839874,256.6807646844572,251.2311452680336,256.3813171386719,55202100,False,0,True,9,False,True,0,0,,256.8504363399061,239.1636474609375,257.02337486037374,221.3039200615013,SELL
2025-09-26 00:00:00-04:00,253.61660096533106,257.10994249251326,253.2972024297037,254.97401428222656,46076300,True,1,False,0,False,False,0,0,,256.8504363399061,240.30646896362305,259.1649821629506,221.44795576429553,HOLD
2025-09-29 00:00:00-04:00,254.0757261912774,254.5148915782133,252.52867184357527,253.9459686279297,40127700,False,0,False,0,False,False,0,0,,256.8504363399061,241.41884841918946,260.7579046554838,222.07979218289512,HOLD
2025-09-30 00:00:00-04:00,254.37515755125318,255.4331385813304,252.6284867333586,254.14559936523438,37704300,False,0,True,1,False,False,0,0,,256.8504363399061,242.6619789123535,261.91256663296775,223.41139119173928,HOLD
2025-10-01 00:00:00-04:00,254.55481135314994,258.29769267334166,254.44502000530687,254.9640350341797,48713900,True,1,False,0,False,False,0,1,,256.8504363399061,243.5093635559082,263.38093428493465,223.63779282688176,HOLD
2025-10-02 00:00:00-04:00,256.09186667190835,257.68882891050583,253.66649683440303,256.6408386230469,42630200,False,0,True,1,False,False,0,2,,256.8504363399061,244.37521362304688,264.97465084501414,223.7757764010796,HOLD
2025-10-03 00:00:00-04:00,254.18552630266564,258.7468246365968,253.46689477740222,257.5291442871094,49155600,False,0,True,2,False,False,0,0,,256.8504363399061,245.28997039794922,266.54262680884875,224.03731398704969,HOLD
2025-10-06 00:00:00-04:00,257.49917477533796,258.57713717661323,254.56478079871025,256.20166015625,44664100,False,0,True,3,False,False,0,0,,256.8504363399061,246.2286804199219,267.6766862922976,224.7806745475462,HOLD
2025-10-07 00:00:00-04:00,256.32145476920215,256.9103287268919,254.94407514023973,255.99209594726562,31955800,False,0,True,4,False,False,0,0,,256.8504363399061,247.33307647705078,268.3799793451517,226.28617360894987,HOLD
2025-10-08 00:00:00-04:00,256.03201279963565,258.0282082133661,255.62278908467795,257.569091796875,36496900,False,0,True,5,False,False,0,0,,256.8504363399061,248.893603515625,267.9240941227615,229.86311290848846,HOLD
2025-10-09 00:00:00-04:00,257.3195337882977,257.50917476461467,252.65841993311406,253.55670166015625,38322000,True,1,False,0,False,False,0,0,,256.8504363399061,250.09181900024413,266.8925162332288,233.2911217672595,HOLD
2025-10-10 00:00:00-04:00,254.45500785015722,255.8922708493858,243.53581752909898,244.80340576171875,61999100,True,2,False,0,False,False,0,0,,256.8504363399061,250.6507537841797,265.8082064053816,235.49330116297776,HOLD
2025-10-13 00:00:00-04:00,248.90558714178317,249.2149949644775,245.09284695690994,247.18885803222656,38142900,True,3,False,0,False,False,0,0,,256.8504363399061,251.19771194458008,264.88532229134773,237.51010159781245,HOLD
2025-10-14 00:00:00-04:00,246.13087266264282,248.37659224814226,244.23447809703134,247.29864501953125,35478000,True,4,False,0,False,False,0,0,,256.8504363399061,251.67779693603515,263.9744640388604,239.38112983320988,HOLD
2025-10-15 00:00:00-04:00,249.01538540478128,251.3409547309234,246.99922390992754,248.86566162109375,33893600,True,5,False,0,False,False,0,0,,256.8504363399061,252.19431228637694,262.9361307782596,241.45249379449425,HOLD
2025-10-16 00:00:00-04:00,247.77774448085987,248.56623493239263,244.66368465033412,246.97926330566406,39777000,False,0,True,1,False,False,0,0,,256.8504363399061,252.67190246582032,261.28843015703694,244.05537477460373,HOLD
2025-10-17 00:00:00-04:00,247.5481624372989,252.89796599708643,246.79958926324147,251.81002807617188,49147000,False,0,True,2,False,False,0,3,,256.8504363399061,253.01075592041016,260.8613951378471,245.1601167029732,HOLD
2025-10-20 00:00:00-04:00,255.4032084113237,263.87706298772724,255.14370850365398,261.7411193847656,90483000,False,0,True,3,False,False,0,4,,256.8504363399061,253.31817092895508,262.0289224488929,244.60741940901727,HOLD
2025-10-21 00:00:00-04:00,261.3817895915523,264.7853058703715,261.3318664386604,262.27008056640625,46695900,False,0,True,4,False,False,0,5,,256.8504363399061,253.7343765258789,263.3226882309324,244.1460648208254,HOLD
2025-10-22 00:00:00-04:00,262.15033525743416,262.349966966352,254.94406918261987,257.9583435058594,45015300,False,0,True,5,False,False,0,0,,256.8504363399061,254.04079360961913,263.7636056558875,244.3179815633508,HOLD
2025-10-23 00:00:00-04:00,259.4454820834593,260.12418111371363,257.51916110368444,259.0861511230469,32754900,False,0,True,6,False,False,0,0,,256.8504363399061,254.1760353088379,264.1089034229394,244.24316719473637,HOLD
2025-10-24 00:00:00-04:00,260.69313376057823,263.62754335723145,258.68694768993146,262.3200378417969,38253700,False,0,True,7,False,False,0,0,,256.8504363399061,254.5433364868164,265.12269753931287,243.9639754343199,HOLD
2025-10-27 00:00:00-04:00,264.37609822840903,268.60802232244004,264.1465248140549,268.2986145019531,44888200,False,0,True,8,False,True,0,6,,256.8504363399061,255.26096878051757,267.48850099322897,243.03343656780618,HOLD
2025-10-28 00:00:00-04:00,268.4782600095115,269.3765722048576,267.63986169210665,268.4882507324219,41534800,False,0,True,9,False,False,0,1,,269.3765722048576,255.97810134887695,269.5397806467861,242.41642205096784,SELL
2025-10-29 00:00:00-04:00,268.76770579477784,270.8936584399069,266.6018207191691,269.1869201660156,51086700,False,0,True,10,False,False,0,2,,269.3765722048576,256.6892456054687,271.4643739353528,241.91411727558466,HOLD
2025-10-30 00:00:00-04:00,271.4725408872279,273.6184749716116,267.969239224885,270.8836669921875,69886500,False,0,True,11,False,False,0,3,,269.3765722048576,257.4013870239258,273.4819887984846,241.32078524936696,HOLD
2025-10-31 00:00:00-04:00,276.4630533049319,276.79244258078194,268.647962249571,269.85565185546875,86167100,False,0,True,12,False,False,0,0,,269.3765722048576,258.01771240234376,275.03644870236576,240.99897610232176,HOLD
2025-11-03 00:00:00-05:00,269.90556627002525,270.33474092754267,265.74348587775046,268.53814697265625,50194600,False,0,True,13,False,False,0,0,,269.3765722048576,258.63453674316406,276.25957654080565,241.00949694552247,HOLD
2025-11-04 00:00:00-05:00,267.8195068636227,270.9734988318123,267.11086611942017,269.5262756347656,49274800,False,0,True,14,False,False,0,0,,269.3765722048576,259.3112457275391,277.5381108857693,241.08438056930882,HOLD
2025-11-05 00:00:00-05:00,268.0989800730272,271.18312844251227,266.4221834255846,269.6260986328125,43683100,True,1,False,0,False,False,0,0,,269.3765722048576,259.9140960693359,278.68771100068193,241.14048113798992,HOLD
2025-11-06 00:00:00-05:00,267.38037702601645,272.8798740142925,267.38037702601645,269.25677490234375,51204000,True,2,False,0,False,False,0,0,,269.3765722048576,260.6990997314453,279.66541614914274,241.73278331374786,HOLD
2025-11-07 00:00:00-05:00,269.28671541495146,271.7719991063764,266.26248096015127,267.9592590332031,48227400,True,3,False,0,False,False,0,0,,269.3765722048576,261.85689239501954,279.51983398670257,244.19395080333652,HOLD
2025-11-10 00:00:00-05:00,268.7085692371889,273.4741297822401,267.20997142836535,269.1781311035156,41312400,True,4,False,0,False,False,0,0,,269.3765722048576,262.956356048584,279.4754075670852,246.4373045300828,HOLD
2025-11-11 00:00:00-05:00,269.55775905965567,275.65206242273547,269.5477586519058,274.99267578125,46208300,False,0,True,1,False,False,0,4,,269.3765722048576,264.34105758666993,279.95169269720554,248.73042247613432,HOLD
2025-11-12 00:00:00-05:00,274.74292397164845,275.4722525277038,271.4460210796085,273.21435546875,48398000,False,0,True,2,False,False,0,0,,269.3765722048576,265.55849227905276,279.82764377554145,251.2893407825641,HOLD
2025-11-13 00:00:00-05:00,273.85374352181776,276.4413491841305,271.83564282199285,272.6948547363281,49602800,False,0,True,3,False,False,0,0,,269.3765722048576,266.8442718505859,278.45022847716683,255.23831522400505,HOLD
2025-11-14 00:00:00-05:00,270.7965900477885,275.70200347225597,269.3479639093673,272.15533447265625,47431300,False,0,True,4,False,False,0,0,,269.3765722048576,267.86153717041014,277.279313357517,258.44376098330326,HOLD
2025-11-17 00:00:00-05:00,268.5687054184609,270.2371271729127,265.48159771217263,267.2099609375,45018300,True,1,False,0,False,False,0,0,,269.3765722048576,268.1349792480469,277.1117743717867,259.15818412430707,HOLD
2025-11-18 00:00:00-05:00,269.7376065335732,270.4569347049811,265.0719890725528,267.19000244140625,45677300,True,2,False,0,False,False,0,0,,269.3765722048576,268.3809753417969,276.94103195561576,259.82091872797804,HOLD
2025-11-19 00:00:00-05:00,265.2817633125939,271.9555110777923,265.2517925781922,268.3089294433594,40424500,True,3,False,0,False,False,0,0,,269.3765722048576,268.89850463867185,275.9183473211569,261.8786619561868,HOLD
2025-11-20 00:00:00-05:00,270.5768036466949,275.17250947675234,265.67142054546326,266.0010986328125,45823600,True,4,False,0,False,False,0,0,,269.3765722048576,269.24425201416017,274.7462758275839,263.74222820073646,HOLD
2025-11-21 00:00:00-05:00,265.70137680880595,273.0744516711978,265.4216397990326,271.2361755371094,59030800,False,0,True,1,False,False,0,0,,269.3765722048576,269.69005889892577,274.1819558268564,265.19816197099516,HOLD
2025-11-24 00:00:00-05:00,270.64675212306133,276.7410558404627,270.64675212306133,275.6620788574219,65585800,False,0,True,2,False,False,0,5,,269.3765722048576,270.05823211669923,275.22613467529817,264.8903295581003,HOLD
2025-11-25 00:00:00-05:00,275.012667049666,280.1179060838009,274.9926967216935,276.7110900878906,46914200,False,0,True,3,False,False,0,6,,269.3765722048576,270.46937408447263,276.36806623829887,264.5706819306464,HOLD
2025-11-26 00:00:00-05:00,276.70108254872224,279.26868736786383,276.3714044558947,277.29052734375,33431400,False,0,True,4,False,False,0,7,,269.3765722048576,270.8745544433594,277.4739838384014,264.27512504831736,HOLD
2025-11-28 00:00:00-05:00,277.0008150112318,278.73917862681736,275.73198274965245,278.5893249511719,20135600,False,0,True,5,False,False,0,0,,269.3765722048576,271.2598373413086,278.7068143660915,263.81286031652564,HOLD
2025-12-01 00:00:00-05:00,277.75011957449965,283.1550658399818,275.88187257202503,282.8353576660156,46587700,False,0,True,6,False,False,0,8,,269.3765722048576,271.90882263183596,280.93533636229125,262.88230890138067,HOLD
2025-12-02 00:00:00-05:00,282.7354345985028,287.1313151163589,282.36578537497866,285.9224548339844,53669500,False,0,True,7,False,False,0,9,,269.3765722048576,272.77803802490234,283.60616891484096,261.9499071349637,HOLD
2025-12-03 00:00:00-05:00,285.9324708384744,288.35019153510143,283.0351573834178,283.8843688964844,43538700,False,0,True,8,False,True,0,10,,269.3765722048576,273.4959426879883,285.2781672379069,261.7137181380697,HOLD
2025-12-04 00:00:00-05:00,283.83440686502166,284.46382276925783,278.32954829392816,280.4375915527344,43989100,False,0,True,9,False,True,0,0,,288.35019153510143,274.03651733398436,286.06074944540734,262.0122852225614,SELL
2025-12-05 00:00:00-05:00,280.27774306596746,280.8771882481053,277.79005013345267,278.5193786621094,47265800,True,1,False,0,False,False,0,0,,288.35019153510143,274.49964752197263,286.46209372871203,262.53720131523323,HOLD
2025-12-08 00:00:00-05:00,277.86998437615557,279.4085531850005,275.8918244790692,277.6302185058594,38211800,True,2,False,0,False,False,0,0,,288.35019153510143,274.98319549560546,286.6095990819839,263.356791909227,HOLD
2025-12-09 00:00:00-05:00,277.8999627322321,279.7682096639769,276.6611317163261,276.9208679199219,32193300,True,3,False,0,False,False,0,0,,288.35019153510143,275.3703323364258,286.6945615058304,264.0461031670212,HOLD
2025-12-10 00:00:00-05:00,277.490342786908,279.48847306800184,276.1815698919154,278.5193786621094,33038300,True,4,False,0,False,False,0,0,,288.35019153510143,275.5466674804687,286.9556507966087,264.13768416432873,HOLD
2025-12-11 00:00:00-05:00,278.83908758708685,279.3286197507982,273.5540244422053,277.77008056640625,33248000,True,5,False,0,False,False,0,0,,288.35019153510143,275.7744537353516,287.169276487122,264.3796309835812,HOLD
2025-12-12 00:00:00-05:00,277.64021728323,278.9589906850317,276.5612402656973,278.0198669433594,39532900,False,0,True,1,False,False,0,0,,288.35019153510143,276.04070434570315,287.3812658658667,264.7001428255396,HOLD
2025-12-15 00:00:00-05:00,279.8880911943856,279.8880911943856,272.5849275039148,273.8537292480469,50409100,True,1,False,0,False,False,0,0,,288.35019153510143,276.12562408447263,287.3687003431415,264.8825478258038,HOLD
2025-12-16 00:00:00-05:00,272.5649667835892,275.2424541197232,271.53593087885605,274.353271484375,37648600,True,2,False,0,False,False,0,0,,288.35019153510143,276.48278961181643,286.96116803158094,266.0044111920519,HOLD
2025-12-17 00:00:00-05:00,274.75292651919426,275.90184538512057,271.38608172110213,271.58587646484375,50138700,True,3,False,0,False,False,0,0,,288.35019153510143,276.7025833129883,286.52404903611307,266.8811175898635,HOLD
2025-12-18 00:00:00-05:00,273.35420232069225,273.374203136776,266.7004552212896,271.935546875,51630700,True,4,False,0,False,False,0,0,,288.35019153510143,276.8839141845703,286.17232508410297,267.59550328503764,HOLD
2025-12-19 00:00:00-05:00,271.8955859651445,274.34330788170604,269.64768928264715,273.4141845703125,144632000,True,5,False,0,False,False,0,0,,288.35019153510143,277.2545684814453,285.2104983856083,269.2986385772823,HOLD
2025-12-22 00:00:00-05:00,272.6048920133635,273.62395794129594,270.25711338978425,270.7166748046875,36571800,True,6,False,0,False,False,0,0,,288.35019153510143,277.22859344482424,285.2701879984775,269.18699889117096,HOLD
2025-12-23 00:00:00-05:00,270.5868091030317,272.2452609569047,269.30800689497966,272.1053771972656,29642000,False,0,True,1,False,False,0,0,,288.35019153510143,277.0507583618164,285.3900158640055,268.71150085962734,HOLD
2025-12-24 00:00:00-05:00,272.085389177814,275.17249671786806,271.9455359163183,273.55401611328125,17910600,False,0,True,2,False,False,0,0,,288.35019153510143,276.8929046630859,285.37748821245356,268.4083211137183,HOLD
2025-12-26 00:00:00-05:00,273.9037084592662,275.1125687682936,272.6049054553,273.1444091796875,21521800,True,1,False,0,False,False,0,1,,288.35019153510143,276.6855987548828,285.3303702240342,268.0408272857314,HOLD
2025-12-29 00:00:00-05:00,272.4350823114352,274.10350406329195,272.0954038139857,273.50408935546875,23715200,False,0,True,1,False,False,0,0,,288.35019153510143,276.4313369750977,285.1392547019742,267.72341924822115,HOLD
2025-12-30 00:00:00-05:00,272.5549704076282,273.82377221524894,272.02546707967076,272.82470703125,22139600,False,0,True,2,False,False,0,0,,288.35019153510143,275.93080444335936,284.2300477841557,267.631561102563,HOLD
2025-12-31 00:00:00-05:00,272.80472532736104,273.42414083736213,271.49595243002375,271.6058349609375,27293600,True,1,False,0,False,False,0,0,,288.35019153510143,275.21497344970703,282.2605669723095,268.16937992710456,HOLD
2026-01-02 00:00:00-05:00,272.0054842546519,277.58025431004916,268.7485221479618,270.75665283203125,37838100,True,2,False,0,False,False,0,0,,288.35019153510143,274.5585876464844,280.5742374520673,268.5429378409015,HOLD
2026-01-05 00:00:00-05:00,270.38700744645297,271.25618925068443,265.89121426121545,267.0101623535156,45647200,True,3,False,0,False,False,0,0,,288.35019153510143,273.88721618652346,280.1329633206269,267.64146905242,HOLD
2026-01-06 00:00:00-05:00,266.7503924619391,267.2998660934885,261.8749496989937,262.1147155761719,52352100,True,4,False,0,False,False,0,0,,288.35019153510143,273.0669830322266,280.86676224465316,265.2672038198,HOLD
2026-01-07 00:00:00-05:00,262.95395138764474,263.4334831315393,259.56710600115036,260.08660888671875,48309800,True,5,False,0,False,False,0,0,,288.35019153510143,272.1898025512695,281.60705126020736,262.77255384233166,HOLD
2026-01-08 00:00:00-05:00,256.7797203952787,259.0476178563403,255.46096229095477,258.7978515625,50419300,True,6,False,0,False,False,0,0,,288.35019153510143,271.2836517333984,282.1589342689856,260.4083691978112,HOLD
2026-01-09 00:00:00-05:00,258.8377955175017,259.9667440583015,255.98048371428257,259.1275329589844,39997000,True,7,False,0,False,False,0,0,,288.35019153510143,270.3140594482422,281.9071990172797,258.72091987920464,HOLD
2026-01-12 00:00:00-05:00,258.9177364764393,261.05572011368304,256.5599267903311,260.0067138671875,45263800,True,8,False,0,True,False,0,2,,288.35019153510143,269.42589111328124,281.3314534246094,257.5203288019531,HOLD
2026-01-13 00:00:00-05:00,258.4781303943212,261.56523797230057,258.148452318208,260.8059387207031,45730800,False,0,True,1,False,False,0,3,,288.35019153510143,268.56519470214846,280.343029895041,256.7873595092559,HOLD
2026-01-14 00:00:00-05:00,259.247418118488,261.57525710051715,256.4700180914029,259.71697998046875,40019400,False,0,True,2,False,False,0,0,,288.35019153510143,267.85835723876954,279.9912839982948,255.72543047924427,HOLD
2026-01-15 00:00:00-05:00,260.40631875644857,260.7959687899761,256.8096782083212,257.9685974121094,39388600,True,1,False,0,False,False,0,0,,288.35019153510143,267.03912353515625,279.53281155810816,254.5454355122043,HOLD
2026-01-16 00:00:00-05:00,257.6589020182799,258.6579671912775,254.69167723491495,255.29112243652344,72142800,True,2,False,0,False,False,0,0,,288.35019153510143,266.22438583374026,279.5660874464971,252.88268422098346,HOLD
2026-01-20 00:00:00-05:00,252.49373739571587,254.55180921698133,243.19244305608962,246.46937561035156,80267500,True,3,False,0,False,False,0,0,,288.35019153510143,264.9510772705078,280.6503667863204,249.25178775469524,HOLD
2026-01-21 00:00:00-05:00,248.46750904444812,251.3248360900433,244.9507953165175,247.41848754882812,54641700,True,4,False,0,False,False,0,0,,288.35019153510143,263.6512924194336,280.65098429082246,246.65160054804477,HOLD
2026-01-22 00:00:00-05:00,248.96703988447874,250.76536025794266,247.9180183962477,248.1178436279297,39708300,True,5,False,0,False,False,0,0,,288.35019153510143,262.5213508605957,280.5186213101354,244.524080411056,HOLD
2026-01-23 00:00:00-05:00,247.08880782235642,249.17685039145397,244.45126111041233,247.80812072753906,41689000,True,6,False,0,False,False,0,0,,288.35019153510143,261.3064880371094,279.8516876077142,242.76128846650454,HOLD
2026-01-26 00:00:00-05:00,251.24490015634893,256.32015295784896,249.5664780183616,255.17123413085938,55969200,False,0,True,1,False,False,0,4,,288.35019153510143,260.3873489379883,278.1837654408824,242.59093243509417,HOLD
2026-01-27 00:00:00-05:00,258.92771692213245,261.70511669708895,257.96859246831417,258.0285339355469,49648300,False,0,True,2,False,False,0,5,,288.35019153510143,259.6315551757813,276.4010828634581,242.86202748810442,HOLD
2026-01-28 00:00:00-05:00,257.409147241713,258.61800761819165,254.27208306792676,256.2002868652344,41288000,False,0,True,3,False,False,0,0,,288.35019153510143,258.76636505126953,274.25922485484676,243.27350524769233,HOLD
2026-01-29 00:00:00-05:00,257.75880668092503,259.4072580677027,254.17216647920577,258.0385437011719,67253000,False,0,True,4,False,False,0,0,,288.35019153510143,258.0270568847656,272.0353067971231,244.01880697240813,HOLD
2026-01-30 00:00:00-05:00,254.93144331105526,261.6551472598355,251.94423313215475,259.2374267578125,92443400,False,0,True,5,False,False,0,6,,288.35019153510143,257.40863647460935,269.9031023379404,244.91417061127825,HOLD
2026-02-02 00:00:00-05:00,259.7869174093499,270.2371306501278,258.9676766447768,269.7575988769531,73913400,False,0,True,6,False,False,0,7,,288.35019153510143,257.35868377685546,269.63452992021644,245.0828376334945,HOLD
2026-02-03 00:00:00-05:00,268.9483513556569,271.6258386480508,267.3598109321867,269.22808837890625,64394700,False,0,True,7,False,False,0,8,,288.35019153510143,257.469580078125,270.14607021282734,244.7930899434226,HOLD
2026-02-04 00:00:00-05:00,272.03545112075,278.68922850453845,272.03545112075,276.23150634765625,90545700,False,0,True,8,False,False,0,9,,288.35019153510143,258.17541961669923,273.28040007527335,243.07043915812508,HOLD
2026-02-05 00:00:00-05:00,277.86999494352693,279.2387093202658,272.97458180817284,275.6520690917969,52977400,False,0,True,9,False,False,0,1,,279.2387093202658,258.9536926269531,275.9578934669676,241.9494917869386,SELL
2026-02-06 00:00:00-05:00,276.8609202349588,280.6473855638201,276.67109542368036,277.8599853515625,50453400,False,0,True,10,False,False,0,0,,279.2387093202658,259.90679931640625,278.89534927577586,240.91824935703664,HOLD
2026-02-09 00:00:00-05:00,277.9100036621094,278.20001220703125,271.70001220703125,274.6199951171875,44623400,False,0,True,11,False,False,0,0,,279.2387093202658,260.6814224243164,280.7683595036469,240.5944853449859,HOLD
2026-02-10 00:00:00-05:00,274.8900146484375,275.3699951171875,272.94000244140625,273.67999267578125,34376900,True,1,False,0,False,False,0,0,,279.2387093202658,261.3650863647461,282.26944811113765,240.46072461835453,HOLD
2026-02-11 00:00:00-05:00,274.70001220703125,280.17999267578125,274.45001220703125,275.5,51931300,True,2,False,0,False,False,0,0,,279.2387093202658,262.09978942871095,283.9336163018923,240.26596255552963,HOLD
2026-02-12 00:00:00-05:00,275.5899963378906,275.7200012207031,260.17999267578125,261.7300109863281,81077200,True,3,False,0,False,False,0,0,,279.2387093202658,262.20044097900393,284.0065594887808,240.39432246922706,HOLD
2026-02-13 00:00:00-05:00,262.010009765625,262.2300109863281,255.4499969482422,255.77999877929688,56290700,True,4,False,0,False,False,0,0,,279.2387093202658,262.0910110473633,284.0082304304631,240.17379166426352,HOLD
2026-02-17 00:00:00-05:00,258.04998779296875,266.2900085449219,255.5399932861328,263.8800048828125,58469100,True,5,False,0,False,False,0,0,,279.2387093202658,262.52045516967775,284.2120978475316,240.8288124918239,HOLD
2026-02-18 00:00:00-05:00,263.6000061035156,266.82000732421875,262.45001220703125,264.3500061035156,34203300,True,6,False,0,False,False,0,2,,279.2387093202658,263.41448669433595,283.7523136447597,243.0766597439122,HOLD
2026-02-19 00:00:00-05:00,262.6000061035156,264.4800109863281,260.04998779296875,260.5799865722656,30845300,True,7,False,0,False,False,0,0,,279.2387093202658,264.0725616455078,283.0364074330906,245.108715857925,HOLD
2026-02-20 00:00:00-05:00,258.9700012207031,264.75,258.1600036621094,264.5799865722656,42070500,False,0,True,1,False,False,0,0,,279.2387093202658,264.8956687927246,282.309424511044,247.4819130744052,HOLD
2026-02-23 00:00:00-05:00,263.489990234375,269.42999267578125,263.3800048828125,266.17999267578125,37308200,False,0,True,2,False,False,0,3,,279.2387093202658,265.8142623901367,281.2597429012739,250.36878187899953,HOLD
2026-02-24 00:00:00-05:00,267.8599853515625,274.8900146484375,267.7099914550781,272.1400146484375,47014600,False,0,True,3,False,False,0,4,,279.2387093202658,266.66270141601564,281.4987722502149,251.82663058181632,HOLD
2026-02-25 00:00:00-05:00,271.7799987792969,274.94000244140625,271.04998779296875,274.2300109863281,33714300,False,0,True,4,False,False,0,5,,279.2387093202658,267.4727752685547,282.0914991862128,252.85405135089664,HOLD
2026-02-26 00:00:00-05:00,274.95001220703125,276.1099853515625,270.79998779296875,272.95001220703125,32345100,False,0,True,5,False,False,0,0,,279.2387093202658,268.31026153564454,282.1058530312088,254.5146700400803,HOLD
2026-02-27 00:00:00-05:00,272.80999755859375,272.80999755859375,262.8900146484375,264.17999267578125,72366500,True,1,False,0,False,False,0,0,,279.2387093202658,268.617333984375,281.70551427840286,255.52915369034716,HOLD
2026-03-02 00:00:00-05:00,262.4100036621094,266.5299987792969,260.20001220703125,264.7200012207031,41827900,True,2,False,0,False,False,0,0,,279.2387093202658,268.8914627075195,281.36780506244713,256.4151203525919,HOLD
2026-03-03 00:00:00-05:00,263.4800109863281,265.55999755859375,260.1300048828125,263.75,38568900,True,3,False,0,False,False,0,0,,279.2387093202658,268.59108276367186,281.26729918276874,255.914866344575,HOLD
2026-03-04 00:00:00-05:00,264.6499938964844,266.1499938964844,261.4200134277344,262.5199890136719,39803100,True,4,False,0,False,False,0,0,,279.2387093202658,268.2556777954102,281.21279874881657,255.2985568420038,HOLD
2026-03-05 00:00:00-05:00,260.7900085449219,261.55999755859375,257.25,260.2900085449219,49658600,True,5,False,0,False,False,0,0,,279.2387093202658,267.45860290527344,280.3107552874465,254.60645052310034,HOLD
2026-03-06 00:00:00-05:00,258.6300048828125,258.7699890136719,254.3699951171875,257.4599914550781,41120000,True,6,False,0,False,False,0,0,,279.2387093202658,266.5489990234375,279.5339004368775,253.56409760999748,HOLD
2026-03-09 00:00:00-04:00,255.69000244140625,261.1499938964844,253.67999267578125,259.8800048828125,38218500,True,7,False,0,False,False,0,0,,279.2387093202658,265.65,277.80045586023243,253.4995441397675,HOLD
2026-03-10 00:00:00-04:00,257.6499938964844,262.4800109863281,256.95001220703125,260.8299865722656,30590800,True,8,False,0,True,False,0,6,,279.2387093202658,264.9604995727539,276.51834488198136,253.40265426352644,HOLD
2026-03-11 00:00:00-04:00,261.0899963378906,262.1300048828125,259.54998779296875,260.80999755859375,26218900,False,0,True,1,False,False,0,0,,279.2387093202658,264.3169998168945,275.24680707856623,253.38719255522278,HOLD
2026-03-12 00:00:00-04:00,258.6600036621094,258.95001220703125,254.17999267578125,255.75999450683594,40794000,True,1,False,0,False,False,0,0,,279.2387093202658,263.32999954223635,273.5498740715894,253.11012501288332,HOLD
2026-03-13 00:00:00-04:00,255.47999572753906,256.3299865722656,249.52000427246094,250.1199951171875,36930000,True,2,False,0,False,False,0,0,,279.2387093202658,262.7494987487793,274.5488952385767,250.95010225898187,HOLD
2026-03-16 00:00:00-04:00,252.11000061035156,253.88999938964844,249.8800048828125,252.82000732421875,32074200,True,3,False,0,False,False,0,0,,279.2387093202658,262.6014991760254,274.83523287378404,250.3677654782668,HOLD
2026-03-17 00:00:00-04:00,252.9600067138672,255.1300048828125,252.17999267578125,254.22999572753906,32361600,True,4,False,0,False,False,0,0,,279.2387093202658,262.1189987182617,274.8898248482581,249.3481725882653,HOLD
2026-03-18 00:00:00-04:00,252.6300048828125,254.94000244140625,249.0,249.94000244140625,35757900,True,5,False,0,False,False,0,0,,279.2387093202658,261.39849853515625,275.221931319906,247.57506575040648,HOLD
2026-03-19 00:00:00-04:00,249.39999389648438,251.8300018310547,247.3000030517578,248.9600067138672,34864100,True,6,False,0,False,False,0,0,,279.2387093202658,260.8174995422363,275.7204103610081,245.91458872346456,HOLD
2026-03-20 00:00:00-04:00,247.97999572753906,249.1999969482422,246.0,247.99000549316406,88331100,True,7,False,0,False,False,0,0,,279.2387093202658,259.9880004882813,275.8265709179292,244.14943005863336,HOLD
2026-03-23 00:00:00-04:00,253.97000122070312,254.60000610351562,250.27999877929688,251.49000549316406,40546100,True,8,False,0,True,False,0,0,,279.2387093202658,259.2535011291504,275.2447609358571,243.2622413224437,HOLD
2026-03-24 00:00:00-04:00,250.35000610351562,254.8300018310547,249.5500030517578,251.63999938964844,45152300,False,0,True,1,False,False,0,7,,279.2387093202658,258.22850036621094,273.3460224428273,243.11097828959456,HOLD
2026-03-25 00:00:00-04:00,254.10000610351562,255.0,251.60000610351562,252.6199951171875,28476700,False,0,True,2,False,False,0,0,,279.2387093202658,257.1479995727539,270.4273452284789,243.86865391702895,HOLD
2026-03-26 00:00:00-04:00,252.1199951171875,257.0,250.77000427246094,252.88999938964844,41796700,False,0,True,3,False,False,0,0,,279.2387093202658,256.14499893188474,267.2514371454791,245.0385607182904,HOLD
2026-03-27 00:00:00-04:00,253.89999389648438,255.49000549316406,248.07000732421875,248.8000030517578,47900000,True,1,False,0,False,False,0,0,,279.2387093202658,255.3759994506836,266.26768862891026,244.48431027245692,HOLD
2026-03-30 00:00:00-04:00,250.07000732421875,250.8699951171875,245.50999450683594,246.6300048828125,39446200,True,2,False,0,False,False,0,0,,279.2387093202658,254.47149963378905,265.09725678094986,243.8457424866282,HOLD
2026-03-31 00:00:00-04:00,247.91000366210938,255.47999572753906,247.10000610351562,253.7899932861328,49598100,False,0,True,1,False,False,0,0,,279.2387093202658,253.9734992980957,263.6603943107425,244.2866042854489,HOLD
2026-04-01 00:00:00-04:00,254.0800018310547,256.17999267578125,253.3300018310547,255.6300048828125,40059400,False,0,True,2,False,False,0,8,,279.2387093202658,253.62900009155274,262.49108516652564,244.76691501657984,HOLD
2026-04-02 00:00:00-04:00,254.1999969482422,256.1300048828125,250.64999389648438,255.9199981689453,31289400,False,0,True,3,False,False,0,9,,279.2387093202658,253.4104995727539,261.7830538639042,245.03794528160367,HOLD
2026-04-06 00:00:00-04:00,256.510009765625,262.1600036621094,256.4599914550781,258.8599853515625,29329900,False,0,True,4,False,False,0,10,,279.2387093202658,253.48049926757812,262.0174027127716,244.94359582238462,HOLD
2026-04-07 00:00:00-04:00,256.1600036621094,256.20001220703125,245.6999969482422,253.5,62148000,True,1,False,0,False,False,0,0,,279.2387093202658,253.1614990234375,261.1507735059917,245.17222454088332,HOLD
2026-04-08 00:00:00-04:00,258.45001220703125,259.75,256.5299987792969,258.8999938964844,41032800,False,0,True,1,False,False,0,0,,279.2387093202658,253.06499938964845,260.7031830485474,245.42681573074952,HOLD
2026-04-09 00:00:00-04:00,259.0,261.1199951171875,256.07000732421875,260.489990234375,28121600,False,0,True,2,False,False,0,11,,279.2387093202658,253.0489990234375,260.6199150885203,245.47808295835466,HOLD
2026-04-10 00:00:00-04:00,259.9800109863281,262.19000244140625,259.0199890136719,260.4800109863281,31291500,False,0,True,3,False,False,0,12,,279.2387093202658,253.2849998474121,261.4802574273825,245.08974226744172,HOLD
2026-04-13 00:00:00-04:00,259.7300109863281,260.17999267578125,256.6600036621094,259.20001220703125,36234700,False,0,True,4,False,False,0,0,,279.2387093202658,253.7390007019043,262.1977980914092,245.28020331239938,HOLD
2026-04-14 00:00:00-04:00,259.25,261.92999267578125,257.19000244140625,258.8299865722656,48370700,True,1,False,0,False,False,0,0,,279.2387093202658,254.03949966430665,262.7830512592063,245.29594806940702,HOLD
2026-04-15 00:00:00-04:00,258.1600036621094,266.55999755859375,257.80999755859375,266.42999267578125,49913500,False,0,True,1,False,False,0,13,,279.2387093202658,254.64949951171874,265.00306061666305,244.2959384067744,SELL
2026-04-16 00:00:00-04:00,266.79998779296875,267.1600036621094,261.2699890136719,263.3999938964844,43323100,False,0,True,2,False,False,0,0,,279.2387093202658,255.32249908447267,266.1271306615678,244.51786750737756,HOLD
2026-04-17 00:00:00-04:00,266.9599914550781,272.29998779296875,266.7200012207031,270.2300109863281,61436200,False,0,True,3,False,False,0,0,,279.2387093202658,256.3859992980957,268.64330431274357,244.12869428344786,HOLD
2026-04-20 00:00:00-04:00,270.3299865722656,274.2799987792969,270.2900085449219,273.04998779296875,36590200,False,0,True,4,False,False,0,0,,279.2387093202658,257.6389984130859,271.32297224724687,243.95502457892496,HOLD
2026-04-21 00:00:00-04:00,271.5,272.79998779296875,265.3999938964844,266.1700134277344,50209800,True,1,False,0,False,False,0,0,,279.2387093202658,258.3729988098145,272.2418270614574,244.50417055817152,HOLD
2026-04-22 00:00:00-04:00,267.82000732421875,273.739990234375,266.8699951171875,273.1700134277344,43249200,False,0,True,1,False,False,0,0,,279.2387093202658,259.4494995117187,274.41667180933774,244.4823272140997,HOLD
2026-04-23 00:00:00-04:00,275.04998779296875,275.7699890136719,271.6499938964844,273.42999267578125,33399600,False,0,True,2,False,False,0,0,,279.2387093202658,260.48999938964846,276.3262431641275,244.6537556151694,HOLD
2026-04-24 00:00:00-04:00,272.760009765625,273.05999755859375,269.6499938964844,271.05999755859375,38157100,True,1,False,0,False,False,0,0,,279.2387093202658,261.3984992980957,277.48179465184694,245.3152039443445,HOLD
2026-04-27 00:00:00-04:00,266.0899963378906,268.3599853515625,265.07000732421875,267.6099853515625,41466800,False,0,True,1,False,False,0,0,,279.2387093202658,262.33899841308596,277.4933865525582,247.18461027361369,HOLD
2026-04-28 00:00:00-04:00,272.3399963378906,273.2300109863281,268.6600036621094,270.7099914550781,40018900,True,1,False,0,False,False,0,0,,279.2387093202658,263.5429977416992,277.19408050999283,249.89191497340556,HOLD
2026-04-29 00:00:00-04:00,267.54998779296875,271.0400085449219,267.0400085449219,270.1700134277344,30047900,True,2,False,0,False,False,0,0,,279.2387093202658,264.3619987487793,277.50536430789816,251.21863318966044,HOLD
2026-04-30 00:00:00-04:00,270.5,276.0,268.1400146484375,271.3500061035156,91848200,False,0,True,1,False,False,0,0,,279.2387093202658,265.14799880981445,277.9688854245587,252.32711219507016,HOLD
2026-05-01 00:00:00-04:00,278.8599853515625,287.2200012207031,278.3699951171875,280.1400146484375,79915400,False,0,True,2,False,False,0,0,,279.2387093202658,266.35899963378904,280.0553761635055,252.66262310407257,HOLD
2026-05-04 00:00:00-04:00,279.6600036621094,280.6300048828125,274.8599853515625,276.8299865722656,46668400,False,0,True,3,False,False,0,0,,279.2387093202658,267.2574996948242,281.23730673193086,253.2776926577176,HOLD
2026-05-05 00:00:00-04:00,276.92999267578125,284.57000732421875,276.5,284.17999267578125,49311700,False,0,True,4,False,False,0,0,,279.2387093202658,268.79149932861327,283.14313702047804,254.4398616367485,HOLD
2026-05-06 00:00:00-04:00,281.9200134277344,288.0299987792969,281.07000732421875,287.510009765625,58336100,False,0,True,5,False,False,0,0,,279.2387093202658,270.2220001220703,286.0498187299463,254.39418151419432,HOLD
2026-05-07 00:00:00-04:00,289.2699890136719,292.1300048828125,285.7799987792969,287.44000244140625,45224300,False,0,True,6,False,False,0,0,,279.2387093202658,271.5695007324219,288.4617392395598,254.67726222528398,HOLD
2026-05-08 00:00:00-04:00,290.010009765625,294.760009765625,290.0,293.32000732421875,52631200,False,0,True,7,False,False,0,0,,279.2387093202658,273.2115005493164,291.858279103672,254.5647219949608,HOLD
2026-05-11 00:00:00-04:00,291.97900390625,293.8800048828125,290.2300109863281,292.67999267578125,39366022,False,0,True,8,False,True,0,0,,279.2387093202658,274.88549957275393,294.2340536607956,255.53694548471228,HOLD
