Date,Open,High,Low,Close,Volume,buy_setup_count,sell_setup_count,buy_perfect,sell_perfect,buy_intersection,sell_intersection,buy_countdown_count,sell_countdown_count,tdst_support,tdst_resistance,bb_middle,bb_upper,bb_lower,recommendation
2025-05-12 00:00:00-04:00,21.836269434711625,22.296908183555548,20.782678520051704,21.414833068847656,351200,0,0,False,False,False,False,0,0,,,,,,HOLD
2025-05-13 00:00:00-04:00,21.679454929222064,22.261624583931,21.28741990558269,22.14989471435547,388900,0,0,False,False,False,False,0,0,,,,,,HOLD
2025-05-14 00:00:00-04:00,22.14989645039154,22.238104150687676,21.375629274316953,21.44423484802246,357200,0,0,False,False,False,False,0,0,,,,,,HOLD
2025-05-15 00:00:00-04:00,21.316824314101954,21.32172391096538,20.557259683678694,20.758176803588867,270700,0,0,False,False,False,False,0,0,,,,,,HOLD
2025-05-16 00:00:00-04:00,20.75817764460264,21.062003135209046,20.530797832077425,21.003198623657227,209100,0,0,False,False,False,False,0,0,,,,,,HOLD
2025-05-19 00:00:00-04:00,20.816982076712158,20.939492565771925,20.547459374653013,20.650367736816406,153000,0,0,False,False,False,False,0,0,,,,,,HOLD
2025-05-20 00:00:00-04:00,20.669968905707982,20.77777872927959,20.503354573534416,20.591562271118164,219500,0,0,False,False,False,False,0,0,,,,,,HOLD
2025-05-21 00:00:00-04:00,20.434751271508944,20.547460704414696,19.89570396314364,19.915306091308594,271200,0,0,False,False,False,False,0,0,,,,,,HOLD
2025-05-22 00:00:00-04:00,19.87610006219514,19.895700317406664,19.35665497717918,19.425260543823242,221100,0,0,False,False,False,False,0,0,,,,,,HOLD
2025-05-23 00:00:00-04:00,19.278250921432726,19.87610271517813,19.209645345631465,19.738889694213867,263900,0,0,False,False,False,False,0,0,,,,,,HOLD
2025-05-27 00:00:00-04:00,19.827096331185306,20.98359560211717,19.797695011343684,20.640565872192383,306500,0,1,False,False,False,False,0,0,,,,,,HOLD
2025-05-28 00:00:00-04:00,20.581762269853833,20.58862282736733,19.503669586608193,19.572275161743164,366500,1,0,False,False,False,False,0,0,,,,,,HOLD
2025-05-29 00:00:00-04:00,19.74869103150477,19.85650086317902,19.337055701630625,19.366458892822266,201800,2,0,False,False,False,False,0,0,,,,,,HOLD
2025-05-30 00:00:00-04:00,19.366458396737286,19.582076185200826,19.003826525443174,19.337055206298828,240000,3,0,False,False,False,False,0,0,,,,,,HOLD
2025-06-02 00:00:00-04:00,19.25864951185162,20.43475101597643,19.25864951185162,20.40534782409668,326500,4,0,False,False,False,False,0,0,,,,,,HOLD
2025-06-03 00:00:00-04:00,20.297537777981802,20.297537777981802,19.72908915977415,19.88590431213379,191500,0,1,False,False,False,False,0,0,,,,,,HOLD
2025-06-04 00:00:00-04:00,19.934906960139397,20.247553967981037,19.84669925833121,19.993711471557617,157900,0,2,False,False,False,False,0,0,,,,,,HOLD
2025-06-05 00:00:00-04:00,19.89570087010107,20.49845406661583,19.856498489227505,20.22892951965332,221900,0,3,False,False,False,False,0,0,,,,,,HOLD
2025-06-06 00:00:00-04:00,20.366143880023742,20.689571488518173,20.160325291330015,20.503355026245117,195700,0,4,False,False,False,False,0,0,,,,,,HOLD
2025-06-09 00:00:00-04:00,20.75817604966504,21.18941346308862,20.753274583617987,20.865985870361328,172500,0,5,False,False,False,False,0,0,,,20.394565677642824,21.91792951333213,18.871201841953518,HOLD
2025-06-10 00:00:00-04:00,21.032600592318126,21.434436730152434,20.95419395138109,21.081605911254883,145000,0,6,False,False,False,False,0,0,,,20.377904319763182,21.86104141117141,18.894767228354954,HOLD
2025-06-11 00:00:00-04:00,21.150211028979026,21.370730285999866,20.905190047702916,21.16981315612793,202900,0,7,False,False,False,False,0,0,,,20.328900241851805,21.61753035129875,19.04027013240486,HOLD
2025-06-12 00:00:00-04:00,21.02280055697393,21.34622817157222,20.7973798376053,20.836584091186523,160800,0,8,False,False,False,True,0,0,,,20.29851770401001,21.502284208747906,19.094751199272114,HOLD
2025-06-13 00:00:00-04:00,20.591563273399693,22.051888082066466,20.5817622099287,21.777463912963867,357700,0,9,False,True,False,True,0,1,19.72908915977415,,20.34948205947876,21.71114154475466,18.98782257420286,SELL (Overbought)
2025-06-16 00:00:00-04:00,21.86567018936413,22.218500973871034,21.092384464723988,21.150209426879883,291300,0,10,False,False,False,False,0,0,19.72908915977415,,20.356832599639894,21.734839703170536,18.978825496109252,HOLD
2025-06-17 00:00:00-04:00,21.091406632304984,21.419733851717922,20.87578697121064,20.983596801757812,166400,1,0,False,False,False,False,0,0,19.72908915977415,,20.37349405288696,21.774314143546075,18.972673962227848,HOLD
2025-06-18 00:00:00-04:00,20.983595652278076,21.26782087383742,20.82678238154245,20.87578582763672,147800,0,1,False,False,False,False,0,0,19.72908915977415,,20.38770523071289,21.803526697903337,18.97188376352244,HOLD
2025-06-20 00:00:00-04:00,21.032600331737115,21.160012290032352,20.473952788311813,20.56216049194336,646500,1,0,False,False,False,False,0,0,19.72908915977415,,20.420047950744628,21.81989509943264,19.020200802056618,HOLD
2025-06-23 00:00:00-04:00,20.473952752507262,20.79738037547008,20.130924871608624,20.326940536499023,189100,2,0,False,False,False,False,0,0,19.72908915977415,,20.465131950378417,21.785927791304463,19.14433610945237,HOLD
2025-06-24 00:00:00-04:00,20.4151481968612,20.998297462519066,20.189729341500517,20.983596801757812,184400,0,0,False,False,False,False,0,0,19.72908915977415,,20.527367305755615,21.821100870775794,19.233633740735435,HOLD
2025-06-25 00:00:00-04:00,20.875785913991592,21.209014583023638,20.679770259442044,21.111007690429688,139200,0,1,False,False,False,False,0,2,19.72908915977415,,20.55088939666748,21.870143768208745,19.231635025126213,HOLD
2025-06-26 00:00:00-04:00,21.228615668996145,21.490298246768543,20.92479020424799,21.473636627197266,111400,0,2,False,False,False,False,0,3,19.72908915977415,,20.645957469940186,21.942111320415485,19.349803619464886,HOLD
2025-06-27 00:00:00-04:00,21.473637899857167,21.473637899857167,20.72877391845715,20.738574981689453,911900,0,3,False,False,False,False,0,0,19.72908915977415,,20.714563274383544,21.86232050032268,19.566806048444406,HOLD
2025-06-30 00:00:00-04:00,20.846384107949266,21.95975905656542,20.787577730529918,21.73826026916504,314600,0,4,False,False,False,False,0,4,19.72908915977415,,20.834623527526855,21.872793410982514,19.796453644071196,HOLD
2025-07-01 00:00:00-04:00,21.73826235896147,22.644839267004574,21.483440307065266,22.022485733032227,245000,0,5,False,False,False,False,0,5,19.72908915977415,,20.915480422973634,22.059390301345996,19.77157054460127,HOLD
2025-07-02 00:00:00-04:00,22.198898969304935,22.659539578115492,21.601049088182165,22.277305603027344,198900,0,6,False,False,False,False,0,6,19.72908915977415,,21.035050487518312,22.22484192815794,19.845259046878684,HOLD
2025-07-03 00:00:00-04:00,22.306709939391908,22.443921088125407,21.95387913480668,22.385116577148438,100400,0,7,False,False,False,False,0,0,19.72908915977415,,21.154620742797853,22.383781177214836,19.92546030838087,HOLD
2025-07-07 00:00:00-04:00,22.0518880084157,22.461562365581592,22.012683754662675,22.08129119873047,130000,0,8,False,False,False,True,0,0,19.72908915977415,,21.24723882675171,22.461775318637663,20.032702334865753,HOLD
2025-07-08 00:00:00-04:00,22.13029425793776,22.463522931539934,21.83626983740016,21.865671157836914,230000,1,0,False,False,False,False,0,0,19.72908915977415,,21.3153546333313,22.5068172378586,20.123892028804,HOLD
2025-07-09 00:00:00-04:00,21.924478299004807,22.62523658793976,21.473638719910177,22.532129287719727,458300,0,1,False,False,False,False,0,7,19.72908915977415,,21.398661804199218,22.686894088378363,20.110429520020073,HOLD
2025-07-10 00:00:00-04:00,22.57133324384253,23.580818480277717,22.57133324384253,23.443607330322266,242500,0,2,False,False,False,False,0,8,19.72908915977415,,21.51676187515259,23.085210771414708,19.94831297889047,HOLD
2025-07-11 00:00:00-04:00,23.257391614539536,23.727831460470437,23.065295998394372,23.664127349853516,182400,0,3,False,False,False,False,0,9,19.72908915977415,,21.641477584838867,23.469037166664716,19.81391800301302,HOLD
2025-07-14 00:00:00-04:00,23.59061915160352,23.669025788754936,22.414519594332216,23.11037826538086,217100,0,4,False,False,False,False,0,0,19.72908915977415,,21.755167293548585,23.653431614069852,19.856902973027317,HOLD
2025-07-15 00:00:00-04:00,23.296594822443367,23.296594822443367,21.983282242903375,22.032285690307617,177800,1,0,False,False,False,False,0,0,19.72908915977415,,21.767908382415772,23.670219223961908,19.865597540869636,HOLD
2025-07-16 00:00:00-04:00,22.09109287347901,22.15479698354795,21.620651162233063,22.04208755493164,202700,2,0,False,False,False,False,0,0,19.72908915977415,,21.812502288818358,23.6955617223808,19.929442855255918,HOLD
2025-07-17 00:00:00-04:00,22.012682659761822,22.316510003150412,22.012682659761822,22.20870018005371,127700,3,0,False,False,False,False,0,0,19.72908915977415,,21.873757457733156,23.72267921988906,20.024835695577252,HOLD
2025-07-18 00:00:00-04:00,22.41635155332983,22.41635155332983,21.457205300949337,21.595638275146484,135800,4,0,False,False,False,False,0,0,19.72908915977415,,21.909750080108644,23.704093473879958,20.11540668633733,HOLD
2025-07-21 00:00:00-04:00,21.67474412800982,22.24825461600428,21.67474412800982,21.81317710876465,129500,5,0,False,False,False,False,0,0,19.72908915977415,,21.972300910949706,23.652432518078378,20.292169303821034,HOLD
2025-07-22 00:00:00-04:00,22.001050985913633,22.68333129737922,21.862618010198933,22.554784774780273,206500,0,1,False,False,False,False,0,10,19.72908915977415,,22.08369312286377,23.591037439646662,20.57634880608088,HOLD
2025-07-23 00:00:00-04:00,22.65366774803662,22.831654091779786,22.33724841960787,22.386688232421875,143200,0,2,False,False,False,False,0,11,19.72908915977415,,22.153847694396973,23.573675227801843,20.734020160992102,HOLD
2025-07-24 00:00:00-04:00,22.228476176365128,22.249241121833602,21.546197780108564,21.635189056396484,121500,0,3,False,False,False,False,0,0,19.72908915977415,,22.180056762695312,23.536780895581956,20.823332629808668,HOLD
2025-07-25 00:00:00-04:00,21.595639273268866,21.862618780995234,21.53631112244342,21.84284210205078,116400,0,4,False,False,False,False,0,0,19.72908915977415,,22.198517036437988,23.524468171203182,20.872565901672793,HOLD
2025-07-28 00:00:00-04:00,21.80328708684753,21.882391910604497,21.50664446926083,21.605525970458984,104800,1,0,False,False,False,False,0,0,19.72908915977415,,22.241864585876463,23.414699465109404,21.069029706643523,HOLD
2025-07-29 00:00:00-04:00,21.753849398322608,21.803289210733798,21.343491788479525,21.427541732788086,153700,2,0,False,False,False,False,0,0,19.72908915977415,,22.226328659057618,23.434938121648024,21.017719196467212,HOLD
2025-07-30 00:00:00-04:00,21.457206398658503,21.63519085201397,20.933135720089417,21.17045021057129,173700,3,0,False,False,False,False,0,0,19.72908915977415,,22.18372688293457,23.479511878904614,20.88794188696453,HOLD
2025-07-31 00:00:00-04:00,21.061679241445162,21.69451973507334,20.86391811956771,21.04190444946289,192400,4,0,False,False,False,False,0,0,19.72908915977415,,22.121956825256348,23.51322431114816,20.730689339364535,HOLD
2025-08-01 00:00:00-04:00,20.982574514340527,21.111121035873875,20.324027731036924,20.339847564697266,241800,5,0,False,False,False,False,0,0,19.72908915977415,,22.01969337463379,23.615195201452487,20.42419154781509,HOLD
2025-08-04 00:00:00-04:00,20.418952635926633,20.779868528239675,20.418952635926633,20.71559715270996,169700,6,0,False,False,False,False,0,0,19.72908915977415,,21.951408672332764,23.649416206244467,20.25340113842106,HOLD
2025-08-05 00:00:00-04:00,20.824364272675716,21.605526060798894,20.799644368774754,21.51653289794922,120200,0,1,False,False,False,False,0,12,19.72908915977415,,21.933951759338377,23.642814826830126,20.22508869184663,HOLD
2025-08-06 00:00:00-04:00,21.52642196452039,22.050490734567504,21.417652120469327,22.030715942382812,121800,0,2,False,False,False,False,0,0,19.72908915977415,,21.908881092071532,23.595359069885397,20.222403114257666,HOLD
2025-08-07 00:00:00-04:00,22.26802923451513,22.48556702500226,21.635188768175567,21.931833267211914,143000,0,3,False,False,False,False,0,0,19.72908915977415,,21.833292388916014,23.357887727179957,20.30869705065207,HOLD
2025-08-08 00:00:00-04:00,22.07026699866996,22.663554131259456,21.753847697557642,21.803287506103516,204000,0,4,False,False,False,False,0,0,19.72908915977415,,21.740250396728516,22.998207335453817,20.482293458003216,HOLD
2025-08-11 00:00:00-04:00,21.83295203539658,22.060378167242604,21.363266320665705,21.664854049682617,151600,0,5,False,False,False,False,0,0,19.72908915977415,,21.667974185943603,22.74799578448937,20.587952587397837,HOLD
2025-08-12 00:00:00-04:00,21.75384805294061,22.772324345291107,21.75384805294061,22.673442840576172,172400,0,6,False,False,False,False,0,0,19.72908915977415,,21.700032043457032,22.860640941902385,20.53942314501168,HOLD
2025-08-13 00:00:00-04:00,22.74265920875044,23.553484148344637,22.515233069304813,23.375497817993164,179100,0,7,False,False,False,False,0,0,19.72908915977415,,21.766702556610106,23.14316608503855,20.39023902818166,HOLD
2025-08-14 00:00:00-04:00,23.11840772735642,23.138184406309012,22.78221361520192,22.9799747467041,152200,0,8,False,False,False,True,0,0,19.72908915977415,,21.805266284942626,23.27399438126934,20.33653818861591,HOLD
2025-08-15 00:00:00-04:00,23.138182926972288,23.296392576462086,22.722882125559625,23.177736282348633,296500,0,9,False,False,False,True,0,0,20.799644368774754,,21.884371185302733,23.471231629903397,20.29751074070207,SELL (Setup Complete)
2025-08-18 00:00:00-04:00,23.227177831585795,23.375499153349132,23.029416697903994,23.326059341430664,152800,0,10,False,False,False,False,0,1,20.799644368774754,,21.960015296936035,23.67189664710522,20.24813394676685,HOLD
2025-08-19 00:00:00-04:00,23.286506453966954,23.64247914220344,22.772325987190655,22.91075897216797,148100,1,0,False,False,False,False,0,0,20.799644368774754,,21.97781400680542,23.722814761972156,20.232813251638685,HOLD
2025-08-20 00:00:00-04:00,23.039302075789564,23.128295241894115,22.495456626046522,22.554784774780273,228500,2,0,False,False,False,False,0,0,20.799644368774754,,21.98621883392334,23.741102880542684,20.231334787303993,HOLD
2025-08-21 00:00:00-04:00,22.406464313790625,22.455904125284793,21.86261884332313,22.366912841796875,179500,3,0,False,False,False,False,0,0,20.799644368774754,,22.02280502319336,23.777385232044644,20.268224814342076,HOLD
2025-08-22 00:00:00-04:00,22.554784710243315,24.018226834215223,22.554784710243315,23.810575485229492,329200,0,1,False,False,False,False,0,2,20.799644368774754,,22.121191692352294,24.045729009692632,20.196654375011956,HOLD
2025-08-25 00:00:00-04:00,23.71169491107427,24.601624718499234,23.50404543994521,23.533708572387695,286600,0,2,False,False,False,False,0,3,20.799644368774754,,22.21760082244873,24.2247804016514,20.21042124324606,HOLD
2025-08-26 00:00:00-04:00,23.45460287744862,23.78091052433612,23.00963893315176,23.167848587036133,169000,0,3,False,False,False,False,0,0,20.799644368774754,,22.304616165161132,24.318463015641434,20.29076931468083,HOLD
2025-08-27 00:00:00-04:00,22.940423641321463,23.177738134520354,22.44107286283401,22.653667449951172,168300,0,4,False,False,False,False,0,0,20.799644368774754,,22.378777027130127,24.32486668912864,20.432687365131613,HOLD
2025-08-28 00:00:00-04:00,22.663553813972452,22.77232365445997,22.277918031891645,22.712993621826172,120100,1,0,False,False,False,False,0,0,20.799644368774754,,22.46233148574829,24.30763015572332,20.61703281577326,HOLD
2025-08-29 00:00:00-04:00,22.841540328619164,23.1480712890625,22.62400064584639,23.1480712890625,127500,2,0,False,False,False,False,0,0,20.799644368774754,,22.602742671966553,24.175226404298442,21.030258939634663,HOLD
2025-09-02 00:00:00-04:00,23.13323956583807,23.573260268794602,22.772323687165777,23.2963924407959,213800,0,1,False,False,False,False,0,4,20.799644368774754,,22.73178243637085,24.05622120490852,21.407343667833178,HOLD
2025-09-03 00:00:00-04:00,23.197511281954068,23.665220472033358,22.950308466659546,23.583148956298828,279200,0,2,False,False,False,False,0,5,20.799644368774754,,22.83511323928833,24.080450154945286,21.589776323631373,HOLD
2025-09-04 00:00:00-04:00,23.533707879924897,23.751247570144386,23.294416861094458,23.60292625427246,211600,0,3,False,False,False,False,0,6,20.799644368774754,,22.913723754882813,24.143656890471036,21.68379061929459,HOLD
2025-09-05 00:00:00-04:00,23.711694237808395,24.20115665529876,23.38538658815077,23.573261260986328,209400,0,4,False,False,False,False,0,0,20.799644368774754,,22.995795154571532,24.16753791508065,21.824052394062413,HOLD
2025-09-08 00:00:00-04:00,23.672142614847317,24.314869570828595,23.454602925801947,24.304981231689453,318800,0,5,False,False,False,False,0,7,20.799644368774754,,23.12087984085083,24.29073186278929,21.95102781891237,HOLD
2025-09-09 00:00:00-04:00,24.34453537672377,24.36431016963467,23.67214338154745,24.176437377929688,569700,0,6,False,False,False,False,0,0,20.799644368774754,,23.246459007263184,24.290683060319324,22.202234954207043,HOLD
2025-09-10 00:00:00-04:00,21.763737073629283,23.912424373726648,21.753848734247317,23.771024703979492,825300,0,7,False,False,False,False,0,0,20.799644368774754,,23.301338100433348,24.334066295397683,22.268609905469013,HOLD
2025-09-11 00:00:00-04:00,23.01952808205623,24.967485692788138,22.82275333288418,24.73017120361328,611300,0,8,False,False,False,True,0,8,20.799644368774754,,23.369071769714356,24.5839196584947,22.154223880934012,HOLD
2025-09-12 00:00:00-04:00,25.145470593285847,27.80537340544987,24.947707587278128,26.67812728881836,913700,0,9,False,True,False,False,0,1,22.772323687165777,,23.55397939682007,25.452729591864543,21.655229201775594,SELL (Overbought)
2025-09-15 00:00:00-04:00,27.380186094098477,27.380186094098477,26.183723411139624,26.79678726196289,675600,0,10,False,False,False,False,0,2,22.772323687165777,,23.73493194580078,26.112206630879626,21.357657260721936,HOLD
2025-09-16 00:00:00-04:00,27.053876534939228,27.686715134490807,26.85611352957546,27.380184173583984,441200,0,11,False,False,False,False,0,0,22.772323687165777,,23.937638187408446,26.808295786720727,21.066980588096165,HOLD
2025-09-17 00:00:00-04:00,27.192311401747403,27.27635945897809,25.96618558668047,26.243053436279297,550500,0,12,False,False,False,False,0,0,22.772323687165777,,24.104252910614015,27.10770551077027,21.10080031045776,HOLD
2025-09-18 00:00:00-04:00,26.322156969830615,26.92038733855208,25.8178629932695,26.84622573852539,363600,0,13,False,False,False,False,0,0,22.772323687165777,,24.31882495880127,27.46592708228785,21.17172283531469,HOLD
2025-09-19 00:00:00-04:00,26.846225439796616,26.964883621317394,26.26282664316907,26.52980613708496,941100,1,0,False,False,False,False,0,0,22.772323687165777,,24.526969623565673,27.681154438201414,21.372784808929932,HOLD
2025-09-22 00:00:00-04:00,26.599024242727534,26.870946979670205,25.948387341977632,26.79678726196289,321300,2,0,False,False,False,False,0,0,22.772323687165777,,24.676280212402343,27.967421984350203,21.385138440454483,HOLD
2025-09-23 00:00:00-04:00,26.846225231097325,27.552237162139924,26.58913407814075,26.737457275390625,395800,0,1,False,False,False,False,0,0,22.772323687165777,,24.83646764755249,28.204426514639707,21.46850878046527,HOLD
2025-09-24 00:00:00-04:00,26.895667252448078,27.043988565493084,25.9068559841376,26.411148071289062,376600,1,0,False,False,False,False,0,0,22.772323687165777,,24.998632621765136,28.340530198384307,21.656735045145965,HOLD
2025-09-25 00:00:00-04:00,26.163944314303667,26.292490830730532,25.264126243346627,25.491554260253906,293800,2,0,False,False,False,False,0,0,22.772323687165777,,25.140526962280273,28.299166150191077,21.98188777436947,HOLD
2025-09-26 00:00:00-04:00,25.679429884778543,26.697906246477398,25.46189206839974,26.351821899414062,392300,3,0,False,False,False,False,0,0,22.772323687165777,,25.32246837615967,28.306743690155695,22.338193062163644,HOLD
2025-09-29 00:00:00-04:00,26.76712003277545,26.76712003277545,26.055176617136603,26.480365753173828,331300,4,0,False,False,False,False,0,3,22.772323687165777,,25.489083099365235,28.33089628203729,22.64726991669318,HOLD
2025-09-30 00:00:00-04:00,26.341932510105682,26.519918846418488,25.36300954639315,25.580549240112305,252200,5,0,False,False,False,False,0,0,22.772323687165777,,25.603290939331053,28.25103637157193,22.955545507090175,HOLD
2025-10-01 00:00:00-04:00,25.51133016870685,26.282603643019506,25.50144371563285,26.233163833618164,267100,0,1,False,False,False,False,0,0,22.772323687165777,,25.73579168319702,28.217929034251412,23.25365433214263,HOLD
2025-10-02 00:00:00-04:00,26.29249207584911,26.29249207584911,25.382785623162803,26.1441707611084,248500,1,0,False,False,False,False,0,0,22.772323687165777,,25.862853908538817,28.136711749825977,23.588996067251657,HOLD
2025-10-03 00:00:00-04:00,26.074955268223654,26.89566858617945,25.95431865799676,26.391374588012695,300600,2,0,False,False,False,False,0,4,22.772323687165777,,26.003759574890136,28.01423485370917,23.993284296071103,HOLD
2025-10-06 00:00:00-04:00,26.82644927081435,26.82644927081435,25.46189053048059,25.471778869628906,271800,3,0,False,False,False,False,0,0,22.772323687165777,,26.06209945678711,27.927498316186142,24.196700597388077,HOLD
2025-10-07 00:00:00-04:00,25.471779058583646,25.711071964127537,25.125694729856768,25.293792724609375,178700,4,0,False,False,False,False,0,0,22.772323687165777,,26.117967224121095,27.803870755581478,24.432063692660712,HOLD
2025-10-08 00:00:00-04:00,25.49155586928373,26.954996133541567,25.382786023288933,26.925331115722656,447900,0,1,False,False,False,False,0,5,22.772323687165777,,26.275682544708253,27.585322971154067,24.96604211826244,HOLD
2025-10-09 00:00:00-04:00,27.449401100637786,28.665638510942944,26.826448943939557,26.96488380432129,765600,0,2,False,False,False,False,0,6,22.772323687165777,,26.38741817474365,27.509793172746264,25.265043176741038,HOLD
2025-10-10 00:00:00-04:00,26.81656334633274,26.826449799668104,25.570660879201448,26.1639461517334,485600,0,3,False,False,False,False,0,0,22.772323687165777,,26.361709117889404,27.479592984906102,25.243825250872707,HOLD
2025-10-13 00:00:00-04:00,26.510030018626342,27.790540707941613,26.252938858245564,27.192310333251953,382700,0,4,False,False,False,False,0,0,22.772323687165777,,26.381485271453858,27.54484601816208,25.218124524745637,HOLD
2025-10-14 00:00:00-04:00,26.549583148976385,27.548282764477683,26.46157825132446,27.399959564208984,386500,0,5,False,False,False,False,0,7,22.772323687165777,,26.38247404098511,27.54943680255628,25.21551127941394,HOLD
2025-10-15 00:00:00-04:00,27.884478512807917,28.586533607824425,27.459289365794394,27.63727569580078,346000,0,6,False,False,False,False,0,0,22.772323687165777,,26.45218515396118,27.743977561530887,25.160392746391476,HOLD
2025-10-16 00:00:00-04:00,27.79548481767625,29.456688018042204,27.79548481767625,29.367694854736328,799200,0,7,False,False,False,False,0,8,22.772323687165777,,26.57825860977173,28.41091527920232,24.74560194034114,HOLD
2025-10-17 00:00:00-04:00,28.85351361928357,29.150156250598616,27.103317190904384,27.16264533996582,446600,1,0,False,False,False,False,0,0,22.772323687165777,,26.609900569915773,28.460796834092008,24.759004305739538,HOLD
2025-10-20 00:00:00-04:00,27.291191972579192,28.250338244613328,27.22197548406232,28.240449905395508,272300,0,1,False,False,False,False,0,0,22.772323687165777,,26.682083702087404,28.67111610725802,24.69305129691679,HOLD
2025-10-21 00:00:00-04:00,27.983358374788153,27.983358374788153,26.29249199700064,26.81656265258789,362300,1,0,False,False,False,False,0,0,22.772323687165777,,26.686038970947266,28.67584946387375,24.69622847802078,HOLD
2025-10-22 00:00:00-04:00,26.43092447431261,26.85117039057706,26.14417019021,26.67812728881836,230400,2,0,False,False,False,False,0,0,22.772323687165777,,26.69938793182373,28.68501132497186,24.713764538675598,HOLD
2025-10-23 00:00:00-04:00,27.07365169255011,27.246694796083908,26.707792579492956,27.024211883544922,160600,3,0,False,False,False,False,0,0,22.772323687165777,,26.776020812988282,28.682078893737717,24.869962732238847,HOLD
2025-10-24 00:00:00-04:00,27.043987234528675,27.736153956676468,26.915440719810324,27.716379165649414,181200,4,0,False,False,False,False,0,9,22.772323687165777,,26.844248676300047,28.78376847420195,24.904728878398146,HOLD
2025-10-27 00:00:00-04:00,28.032801961846317,28.364052856592686,27.221976962041147,27.459291458129883,328300,0,1,False,False,False,False,0,10,22.772323687165777,,26.893194961547852,28.84342857970482,24.942961343390884,HOLD
2025-10-28 00:00:00-04:00,27.25163910279593,28.003135922711486,27.192310952436465,27.212087631225586,205300,0,2,False,False,False,False,0,0,22.772323687165777,,26.974771881103514,28.827892202944096,25.121651559262933,HOLD
2025-10-29 00:00:00-04:00,27.409847909771543,27.528506092812975,26.579246286505025,26.81656265258789,230600,1,0,False,False,False,False,0,0,22.772323687165777,,27.003941822052003,28.826016455631265,25.18186718847274,HOLD
2025-10-30 00:00:00-04:00,26.589135575979114,26.79184181949744,26.252939579020737,26.51003074645996,177900,2,0,False,False,False,False,0,0,22.772323687165777,,27.02223482131958,28.815076732100167,25.22939291053899,HOLD
2025-10-31 00:00:00-04:00,26.480367231473227,26.539695381253253,25.995849921919262,26.282604217529297,112800,3,0,False,False,False,False,0,0,22.772323687165777,,27.01679630279541,28.81833466894775,25.21525793664307,HOLD
2025-11-03 00:00:00-05:00,26.173833986414035,26.589134800783636,25.822806433532353,26.055177688598633,173100,4,0,False,False,False,False,0,0,22.772323687165777,,27.045966243743898,28.758885025958204,25.333047461529592,HOLD
2025-11-04 00:00:00-05:00,25.709093155587667,25.709093155587667,24.295092730269094,24.45330238342285,315800,5,0,False,False,False,False,0,0,22.772323687165777,,27.00394172668457,28.926297941797692,25.081585511571447,HOLD
2025-11-05 00:00:00-05:00,24.690617392597137,24.868603727713655,23.850129299448053,24.56207275390625,507700,6,0,False,False,False,False,0,0,22.772323687165777,,26.88577880859375,29.097265504642415,24.674292112545082,HOLD
2025-11-06 00:00:00-05:00,24.819163751039543,25.007038424182667,23.840240800464088,24.71039390563965,412600,7,0,False,False,False,False,0,0,22.772323687165777,,26.773054313659667,29.18803407047969,24.358074556839643,HOLD
2025-11-07 00:00:00-05:00,24.028113291918057,26.569359859664456,22.742659385406892,25.007038116455078,565200,8,0,False,False,True,False,0,11,22.772323687165777,,26.71520891189575,29.244343690870735,24.186074132920766,HOLD
2025-11-10 00:00:00-05:00,25.758533620929278,27.172534082257734,25.61021230307136,26.80667495727539,353700,0,1,False,False,False,False,0,12,22.772323687165777,,26.695927143096924,29.2156091408931,24.176245145300747,HOLD
2025-11-11 00:00:00-05:00,26.60891250861232,26.60891250861232,25.11778560925284,25.718982696533203,288400,0,2,False,False,False,False,0,0,22.772323687165777,,26.611878299713133,29.144788510592804,24.078968088833463,HOLD
2025-11-12 00:00:00-05:00,25.798086597808744,26.2034990741125,25.634931830365407,25.995849609375,260100,0,3,False,False,False,False,0,0,22.772323687165777,,26.529806995391844,29.028968947362916,24.030645043420773,HOLD
2025-11-13 00:00:00-05:00,25.877191705997614,26.29249252598642,24.997150255595947,25.145471572875977,492400,0,4,False,False,False,False,0,0,22.772323687165777,,26.31869583129883,28.50183785879655,24.13555380380111,HOLD
2025-11-14 00:00:00-05:00,24.57196003964921,25.115805474958215,24.22587572353994,24.957595825195312,486500,1,0,False,False,False,False,0,0,22.772323687165777,,26.208443355560302,28.43442621681668,23.982460494303925,HOLD
2025-11-17 00:00:00-05:00,24.947707967851702,25.659653291533868,24.621400323166654,25.09602928161621,384400,2,0,False,False,False,False,0,0,22.772323687165777,,26.051222324371338,28.110874516203083,23.991570132539593,HOLD
2025-11-18 00:00:00-05:00,24.80927476433172,25.432225030800527,24.502743800577726,25.333345413208008,320100,3,0,False,False,False,False,0,0,22.772323687165777,,25.977061462402343,28.027473423134257,23.92664950167043,HOLD
2025-11-19 00:00:00-05:00,25.622356172337206,26.210345071196024,24.954641962658435,25.632322311401367,616500,0,1,False,False,False,False,0,0,22.772323687165777,,25.924771213531493,27.953126270590467,23.89641615647252,HOLD
2025-11-20 00:00:00-05:00,25.87150436178859,27.21690274350505,25.72201607511936,25.771846771240234,541200,0,2,False,False,False,False,0,0,22.772323687165777,,25.86215295791626,27.823825730003442,23.900480185829075,HOLD
2025-11-21 00:00:00-05:00,25.712049188533005,27.00761873731747,25.396130377780807,26.349868774414062,307100,0,3,False,False,False,False,0,0,22.772323687165777,,25.79382743835449,27.569991528883584,24.017663347825398,HOLD
2025-11-24 00:00:00-05:00,26.349868966204273,26.38973162138575,25.74194779270188,25.95123291015625,242900,0,4,False,False,False,False,0,0,22.772323687165777,,25.71842451095581,27.315948826921638,24.120900194989982,HOLD
2025-11-25 00:00:00-05:00,26.18044885829441,26.509323847836868,25.94126722052232,26.47942543029785,181700,0,5,False,False,False,False,0,0,22.772323687165777,,25.681791400909425,27.16458051554845,24.1990022862704,HOLD
2025-11-26 00:00:00-05:00,26.479425560854462,27.276699591539067,26.409664487099484,27.177040100097656,195600,0,6,False,False,False,False,0,0,22.772323687165777,,25.699815273284912,27.24800386387219,24.151626682697636,HOLD
2025-11-28 00:00:00-05:00,27.34645997486872,28.651993767334552,27.12720871906378,28.61212921142578,258800,0,7,False,False,False,False,0,0,22.772323687165777,,25.804920196533203,27.8043622263644,23.805478166702006,HOLD
2025-12-01 00:00:00-05:00,28.532402220106377,29.3695388921686,28.40284621409881,29.15028953552246,383200,0,8,False,False,False,True,0,0,22.772323687165777,,25.948304462432862,28.442150913697137,23.454458011168587,HOLD
2025-12-02 00:00:00-05:00,30.027289331104573,30.09705230556964,28.73172164744324,29.678483963012695,223900,0,9,False,True,False,False,0,1,24.954641962658435,,26.129469776153563,29.13080045941849,23.128139092888635,SELL (Overbought)
2025-12-03 00:00:00-05:00,30.0472208413398,32.38921027194185,29.67848320425643,31.273027420043945,361400,0,10,False,False,False,False,0,2,24.954641962658435,,26.470456027984618,30.144236484788557,22.79667557118068,HOLD
2025-12-04 00:00:00-05:00,30.89432346139873,30.944152255030076,30.19870293359788,30.655141830444336,277700,0,11,False,False,False,False,0,3,24.954641962658435,,26.775109481811523,30.77833298606345,22.771885977559595,HOLD
2025-12-05 00:00:00-05:00,30.764768108961494,31.47732899704362,30.64019422139837,30.784698486328125,303300,0,12,False,False,False,False,0,0,24.954641962658435,,27.078824710845947,31.33611411995745,22.821535301734443,HOLD
2025-12-08 00:00:00-05:00,30.993983886917537,31.324850964363833,29.82797221271983,30.226608276367188,403900,0,13,False,False,False,False,0,0,24.954641962658435,,27.339803218841553,31.7010073822612,22.978599055421906,HOLD
2025-12-09 00:00:00-05:00,30.296368287002082,31.36272043266509,30.04722051835758,30.974050521850586,398500,1,0,False,False,False,False,0,0,24.954641962658435,,27.548171997070312,32.19123496291344,22.905109031227184,HOLD
2025-12-10 00:00:00-05:00,30.91425616798866,31.502245065058116,30.4558232766657,31.263063430786133,498200,0,1,False,False,False,False,0,0,24.954641962658435,,27.82537603378296,32.66639166026866,22.98436040729726,HOLD
2025-12-11 00:00:00-05:00,30.665108150592445,31.910847007205593,30.665108150592445,31.273027420043945,523800,0,2,False,False,False,False,0,0,24.954641962658435,,28.089234924316408,33.083231452079744,23.09523839655307,HOLD
2025-12-12 00:00:00-05:00,31.890914087231135,32.329412787321004,30.92422143826672,31.611867904663086,963200,0,3,False,False,False,False,0,4,24.954641962658435,,28.41255474090576,33.441261650883774,23.38384783092775,HOLD
2025-12-15 00:00:00-05:00,32.289553239081314,32.38921082864596,30.545516908999854,31.641767501831055,887300,0,4,False,False,False,False,0,0,24.954641962658435,,28.74676332473755,33.6965035418787,23.7970231075964,HOLD
2025-12-16 00:00:00-05:00,31.641767068368367,32.518768290957894,31.3328243630875,32.05036926269531,818900,0,5,False,False,False,False,0,0,24.954641962658435,,29.094480323791505,33.94036778132668,24.24859286625633,HOLD
2025-12-17 00:00:00-05:00,32.449005542494845,32.648320708596664,31.19329870657203,32.58852767944336,786700,0,6,False,False,False,False,0,5,24.954641962658435,,29.457239437103272,34.202826141773365,24.711652732433183,HOLD
2025-12-18 00:00:00-05:00,32.887505949138855,33.5452559160539,32.431067047727105,32.518768310546875,864900,0,7,False,False,False,False,0,6,24.954641962658435,,29.801561737060545,34.374816449644314,25.228307024476777,HOLD
2025-12-19 00:00:00-05:00,32.53869916277789,34.30266196817669,32.46893809371435,33.046958923339844,1277500,0,8,False,False,False,True,0,7,24.954641962658435,,30.165317344665528,34.54210458295556,25.788530106375497,HOLD
2025-12-22 00:00:00-05:00,33.21638278312853,34.02361913121001,33.086824877232836,33.61501693725586,1109800,0,9,False,True,False,True,0,1,30.4558232766657,,30.528574752807618,34.77607374718709,26.281075758428145,SELL (Setup Complete)
2025-12-23 00:00:00-05:00,33.585120185569856,34.59167550450089,33.585120185569856,33.62498474121094,1242000,0,10,False,False,False,False,0,0,30.4558232766657,,30.91226234436035,34.78897554046442,27.035549148256276,HOLD
2025-12-24 00:00:00-05:00,33.73460771135031,35.040143440194974,33.28614475109757,34.67140579223633,632900,0,11,False,False,False,False,0,2,30.4558232766657,,31.321861362457277,34.949619520866285,27.694103204048268,HOLD
2025-12-26 00:00:00-05:00,35.37898565005518,35.58826887811385,33.64491538488479,34.47208786010742,519400,0,12,False,False,False,False,0,0,30.4558232766657,,31.686613750457763,35.0142171733145,28.35901032760103,HOLD
2025-12-29 00:00:00-05:00,33.6349491179625,33.93691761573356,32.64832227109056,33.30607223510742,543700,1,0,False,False,False,False,0,0,30.4558232766657,,31.921310901641846,34.987768556617894,28.854853246665797,HOLD
2025-12-30 00:00:00-05:00,33.654880668439475,33.774470531577705,33.02702723400065,33.33597183227539,478900,2,0,False,False,False,False,0,0,30.4558232766657,,32.13059501647949,34.96317730251681,29.298012730442167,HOLD
2025-12-31 00:00:00-05:00,34.023618978233806,34.24287023311869,33.435630086973404,33.93392562866211,401800,3,0,False,False,False,False,0,0,30.4558232766657,,32.34336709976196,35.03626008232815,29.650474117195774,HOLD
2026-01-02 00:00:00-05:00,34.18307495202063,34.820892666079416,33.93392716986058,34.65147399902344,368100,0,1,False,False,False,False,0,3,30.4558232766657,,32.512289428710936,35.342817751646656,29.681761105775216,HOLD
2026-01-05 00:00:00-05:00,35.74772287388923,36.52606258641884,34.45215516141297,36.20615768432617,585800,0,2,False,False,False,False,0,4,30.4558232766657,,32.78984022140503,35.9257596928994,29.65392074991066,HOLD
2026-01-06 00:00:00-05:00,36.275918810018624,37.93025994092634,35.87728083561221,37.920291900634766,693100,0,3,False,False,False,False,0,5,30.4558232766657,,33.14661989212036,36.8873364942256,29.405903290015125,HOLD
2026-01-07 00:00:00-05:00,37.621311850989144,37.9701171951555,36.417429689276226,37.75086975097656,467500,0,4,False,False,False,False,0,6,30.4558232766657,,33.52283296585083,37.53094281574114,29.51472311596052,HOLD
2026-01-08 00:00:00-05:00,37.17284807403932,38.16943919560441,36.99346136802213,37.940223693847656,351900,0,5,False,False,False,False,0,7,30.4558232766657,,33.871141624450686,38.1483556012444,29.593927647656972,HOLD
2026-01-09 00:00:00-05:00,38.079746082199,39.34541727075367,38.0299172861459,38.8670539855957,569100,0,6,False,False,False,False,0,8,30.4558232766657,,34.25134115219116,38.889062734439996,29.613619569942323,HOLD
2026-01-12 00:00:00-05:00,40.83033807665158,43.27198319998497,40.252313421014684,42.683998107910156,1172900,0,7,False,False,False,False,0,9,30.4558232766657,,34.82188968658447,40.58737738764154,29.056401985527405,HOLD
2026-01-13 00:00:00-05:00,43.132462358499374,43.34174938250815,40.955909243032785,41.53791809082031,797300,0,8,False,False,False,True,0,10,30.4558232766657,,35.31819219589234,41.605497770889905,29.03088662089477,HOLD
2026-01-14 00:00:00-05:00,41.93655553416047,42.355121973556926,38.94678221837998,39.68425750732422,983900,0,9,False,True,False,True,0,0,33.93392716986058,,35.72031669616699,42.046217499369334,29.39441589296465,SELL (Setup Complete)
2026-01-15 00:00:00-05:00,39.31552090701185,40.30214399847432,38.498316483130296,39.953338623046875,453200,0,10,False,False,False,False,0,0,33.93392716986058,,36.11546516418457,42.463410772187196,29.76751955618195,HOLD
2026-01-16 00:00:00-05:00,40.959891665978446,42.15081769658882,40.45163189042191,41.76713180541992,643700,1,0,False,False,False,False,0,0,33.93392716986058,,36.5743953704834,43.171008105222334,29.97778263574447,HOLD
2026-01-20 00:00:00-05:00,42.335190468764026,43.131466563521,41.85682718570207,41.9963493347168,636700,0,1,False,False,False,False,0,1,33.93392716986058,,37.04827442169189,43.77850347550982,30.318045367873967,HOLD
2026-01-21 00:00:00-05:00,42.27539217523227,42.89328138769963,40.76057706527522,42.524539947509766,541300,0,2,False,False,False,False,0,2,33.93392716986058,,37.52215347290039,44.39917319296862,30.645133752832162,HOLD
2026-01-22 00:00:00-05:00,42.72386070985686,44.1489863309341,42.67403191365913,43.70051956176758,495400,0,3,False,False,False,False,0,3,33.93392716986058,,38.026428604125975,45.171014696574304,30.881842511677647,HOLD
2026-01-23 00:00:00-05:00,43.850008689474976,44.15895330112407,42.46474765960114,42.963043212890625,520900,0,4,False,False,False,False,0,4,33.93392716986058,,38.49333152770996,45.647303754749906,31.33935930067002,HOLD
2026-01-26 00:00:00-05:00,43.85000748234297,44.32139463698851,42.55443983979421,43.94966506958008,858300,0,5,False,False,False,False,0,0,33.93392716986058,,38.95724449157715,46.269266576390045,31.64522240676425,HOLD
2026-01-27 00:00:00-05:00,44.2785422194908,52.74358638013389,44.2785422194908,50.97563552856445,2113900,0,6,False,False,False,False,0,5,33.93392716986058,,39.782421875,48.54440503106002,31.02043871893997,HOLD
2026-01-28 00:00:00-05:00,52.121712624415494,55.44036273930916,51.82273606132343,53.80595397949219,1617100,0,7,False,False,False,False,0,6,33.93392716986058,,40.80741596221924,51.050490617599316,30.56434130683916,HOLD
2026-01-29 00:00:00-05:00,56.31735986222135,57.46344111684328,52.121712357317364,53.34751892089844,1837900,0,8,False,False,False,True,0,7,33.93392716986058,,41.80799331665039,52.85603530905238,30.759951324248398,HOLD
2026-01-30 00:00:00-05:00,50.93577298774307,53.138238460753065,49.92124167178612,51.673248291015625,1132700,0,9,False,True,False,True,0,0,41.85682718570207,,42.694959449768064,53.928082338338385,31.461836561197742,SELL (Setup Complete)
2026-02-02 00:00:00-05:00,50.22819261640503,51.20485143150765,47.53739590450952,51.11515808105469,1190900,0,10,False,False,False,False,0,0,41.85682718570207,,43.51814365386963,54.68217356960691,32.35411373813235,HOLD
2026-02-03 00:00:00-05:00,52.68977007106568,53.02861119506615,50.61686257259302,52.52035140991211,865800,1,0,False,False,False,False,0,0,41.85682718570207,,44.33385334014893,55.63160242780136,33.03610425249649,HOLD
2026-02-04 00:00:00-05:00,52.84922361888635,53.397351752820356,49.95911177539275,51.304508209228516,704200,2,0,False,False,False,False,0,1,41.85682718570207,,45.00306415557861,56.28682319031529,33.71930512084194,HOLD
2026-02-05 00:00:00-05:00,49.00238219209765,51.10020978724398,48.83296353118998,50.17835998535156,634500,3,0,False,False,False,False,0,0,41.85682718570207,,45.62443866729736,56.590918914887794,34.65795841970693,HOLD
2026-02-06 00:00:00-05:00,52.65987462839158,57.43354697799692,50.53713449059097,55.13142013549805,1371000,0,1,False,False,False,False,0,2,41.85682718570207,,46.483998489379886,57.608283899641044,35.35971307911873,HOLD
2026-02-09 00:00:00-05:00,57.084736849236506,66.4726231630346,56.795728320243484,63.92135238647461,2042600,0,2,False,False,False,False,0,3,41.85682718570207,,47.73671340942383,60.7344360594502,34.73899075939745,HOLD
2026-02-10 00:00:00-05:00,64.77842088111278,66.41980957013996,62.077659938322014,62.37663650512695,1368900,0,3,False,False,False,False,0,4,41.85682718570207,,48.72134532928467,63.025383683547574,34.41730697502176,HOLD
2026-02-11 00:00:00-05:00,64.03097839735749,66.27330838014433,57.92187386866854,62.65568161010742,1187100,0,4,False,False,False,False,0,0,41.85682718570207,,49.77723350524902,64.94050139206564,34.6139656184324,HOLD
2026-02-12 00:00:00-05:00,62.785239422495835,63.28851899345188,56.95518299679856,57.5033073425293,919300,0,5,False,False,False,False,0,0,41.85682718570207,,50.668185997009275,65.42295626847653,35.91341572554203,HOLD
2026-02-13 00:00:00-05:00,58.479964425564205,61.65908857752992,56.59640790722469,60.702362060546875,1069400,1,0,False,False,False,False,0,0,41.85682718570207,,51.70563716888428,66.2038479748256,37.20742636294296,HOLD
2026-02-17 00:00:00-05:00,59.62604622544608,59.62604622544608,55.02179269212253,58.48992919921875,1115200,2,0,False,False,False,False,0,0,41.85682718570207,,52.54177703857422,66.54712327780682,38.536430799341616,HOLD
2026-02-18 00:00:00-05:00,58.79887327433154,59.25332008073598,56.626304432263154,57.57306671142578,725900,3,0,False,False,False,False,0,0,41.85682718570207,,53.32061290740967,66.56874929819391,40.07247651662543,HOLD
2026-02-19 00:00:00-05:00,57.573067706320685,58.97826099068476,56.277500050091014,58.46999740600586,697400,0,1,False,False,False,False,0,0,41.85682718570207,,54.117885780334475,66.52276935489806,41.71300220577089,HOLD
2026-02-20 00:00:00-05:00,57.849998474121094,59.970001220703125,57.279998779296875,58.81999969482422,743400,1,0,False,False,False,False,0,0,41.85682718570207,,54.8738597869873,66.4186815537606,43.329038020214,HOLD
2026-02-23 00:00:00-05:00,59.0,60.599998474121094,56.31999969482422,56.97999954223633,758800,2,0,False,False,False,False,0,0,41.85682718570207,,55.57470760345459,65.6881519196122,45.461263287296994,HOLD
2026-02-24 00:00:00-05:00,56.0,57.43000030517578,54.150001525878906,56.959999084472656,652200,3,0,False,False,False,False,0,0,41.85682718570207,,56.225224304199216,64.7371641500261,47.713284458372335,HOLD
2026-02-25 00:00:00-05:00,57.58000183105469,58.16999816894531,54.9900016784668,56.18000030517578,600900,4,0,False,False,False,False,0,0,41.85682718570207,,56.485442543029784,64.6320196346425,48.338865451417064,HOLD
2026-02-26 00:00:00-05:00,55.41999816894531,56.720001220703125,54.505001068115234,56.380001068115234,515800,5,0,False,False,False,False,0,0,41.85682718570207,,56.61414489746094,64.6632322598149,48.56505753510698,HOLD
2026-02-27 00:00:00-05:00,56.279998779296875,57.630001068115234,55.56999969482422,57.470001220703125,797800,0,1,False,False,False,False,0,0,41.85682718570207,,56.82026901245117,64.72701478994362,48.91352323495872,HOLD
2026-03-02 00:00:00-05:00,59.0,59.099998474121094,54.93000030517578,56.86000061035156,1011100,1,0,False,False,False,False,0,5,41.85682718570207,,57.07960662841797,64.60666131295258,49.552551943883365,HOLD
2026-03-03 00:00:00-05:00,55.0099983215332,56.599998474121094,52.22999954223633,56.380001068115234,571900,0,1,False,False,False,False,0,0,41.85682718570207,,57.342848777770996,64.34130719367376,50.344390361868236,HOLD
2026-03-04 00:00:00-05:00,56.5,58.43000030517578,56.0,56.0099983215332,590900,1,0,False,False,False,False,0,0,41.85682718570207,,57.51733112335205,64.1752685887604,50.8593936579437,HOLD
2026-03-05 00:00:00-05:00,55.290000915527344,55.96699905395508,53.189998626708984,54.599998474121094,592600,2,0,False,False,False,False,0,0,41.85682718570207,,57.68210563659668,63.83673200197726,51.5274792712161,HOLD
2026-03-06 00:00:00-05:00,53.59000015258789,54.400001525878906,52.38999938964844,52.41999816894531,455300,3,0,False,False,False,False,0,0,41.85682718570207,,57.79418754577637,63.433515635242614,52.15485945631012,HOLD
2026-03-09 00:00:00-04:00,51.06999969482422,51.27000045776367,48.0,50.099998474121094,915800,4,0,False,False,False,False,0,0,41.85682718570207,,57.54261646270752,64.06228801030245,51.02294491511259,HOLD
2026-03-10 00:00:00-04:00,50.4900016784668,52.54999923706055,50.0,50.650001525878906,528300,5,0,False,False,False,False,0,0,41.85682718570207,,56.879048919677736,63.366567091958515,50.391530747396956,HOLD
2026-03-11 00:00:00-04:00,50.06999969482422,50.720001220703125,49.0,50.470001220703125,478800,6,0,False,False,False,False,0,0,41.85682718570207,,56.28371715545654,62.83202368025129,49.7354106306618,HOLD
2026-03-12 00:00:00-04:00,49.91999816894531,50.08000183105469,48.15999984741211,48.939998626708984,461200,7,0,False,False,False,False,0,0,41.85682718570207,,55.597933006286624,62.208988897121245,48.986877115452,HOLD
2026-03-13 00:00:00-04:00,49.0099983215332,49.20000076293945,47.04999923706055,47.470001220703125,399700,8,0,False,False,True,False,0,0,41.85682718570207,,55.09626770019531,62.56554860863951,47.626986791751115,HOLD
2026-03-16 00:00:00-04:00,48.290000915527344,49.0,46.529998779296875,46.720001220703125,478400,9,0,True,False,True,False,1,0,41.85682718570207,58.43000030517578,54.397149658203126,62.26395496912092,46.530344347285336,BUY (Setup Complete)
2026-03-17 00:00:00-04:00,47.2400016784668,48.290000915527344,46.869998931884766,47.88999938964844,471400,10,0,False,False,False,False,0,0,41.85682718570207,58.43000030517578,53.86715316772461,61.99683506992724,45.737471265521975,HOLD
2026-03-18 00:00:00-04:00,47.04999923706055,47.25,45.709999084472656,46.0099983215332,511600,11,0,False,False,False,False,2,0,41.85682718570207,58.43000030517578,53.28899974822998,61.93710957215201,44.640889924307956,HOLD
2026-03-19 00:00:00-04:00,44.400001525878906,44.75,43.400001525878906,43.970001220703125,538000,12,0,False,False,False,False,3,0,41.85682718570207,58.43000030517578,52.56399993896484,61.79484148250112,43.33315839542856,HOLD
2026-03-20 00:00:00-04:00,44.33000183105469,44.47999954223633,41.61000061035156,42.2599983215332,1072700,13,0,False,False,False,False,4,0,41.85682718570207,58.43000030517578,51.73599987030029,61.55610066538229,41.91589907521829,HOLD
2026-03-23 00:00:00-04:00,43.0,45.47999954223633,43.0,43.900001525878906,858300,14,0,False,False,False,False,0,0,41.85682718570207,58.43000030517578,51.081999969482425,61.170162112995214,40.993837825969635,HOLD
2026-03-24 00:00:00-04:00,43.400001525878906,44.5099983215332,43.02000045776367,43.5,632300,15,0,False,False,False,False,0,0,41.85682718570207,58.43000030517578,50.40900001525879,60.64093757406045,40.17706245645713,HOLD
2026-03-25 00:00:00-04:00,45.0,45.0,42.875,43.130001068115234,580800,16,0,False,False,False,False,0,0,41.85682718570207,58.43000030517578,49.75650005340576,60.10265470959217,39.410345397219345,HOLD
2026-03-26 00:00:00-04:00,42.29999923706055,42.59000015258789,38.900001525878906,39.560001373291016,836500,17,0,False,False,False,False,5,0,41.85682718570207,58.43000030517578,48.91550006866455,59.71906723746517,38.11193289986393,SELL (Support Break)
2026-03-27 00:00:00-04:00,39.439998626708984,40.494998931884766,38.689998626708984,39.41999816894531,907800,18,0,False,False,False,False,6,0,41.85682718570207,58.43000030517578,48.01299991607666,58.82333598193857,37.20266385021475,SELL (Support Break)
2026-03-30 00:00:00-04:00,39.619998931884766,40.08000183105469,37.77000045776367,37.97999954223633,765400,19,0,False,False,False,False,7,0,41.85682718570207,58.43000030517578,47.0689998626709,57.92373388710304,36.21426583823876,SELL (Support Break)
2026-03-31 00:00:00-04:00,39.41999816894531,40.58000183105469,38.73500061035156,40.08000183105469,623400,20,0,False,False,False,False,0,0,41.85682718570207,58.43000030517578,46.253999900817874,56.60099837026757,35.90700143136818,SELL (Support Break)
2026-04-01 00:00:00-04:00,41.029998779296875,41.959999084472656,40.650001525878906,41.810001373291016,627300,0,1,False,False,False,False,0,6,41.85682718570207,58.43000030517578,45.54400005340576,54.98104256920129,36.10695753761023,SELL (Support Break)
2026-04-02 00:00:00-04:00,39.54999923706055,41.46500015258789,39.16999816894531,41.27000045776367,454700,0,2,False,False,False,False,0,7,41.85682718570207,58.43000030517578,44.87750015258789,53.466304825933236,36.28869547924255,SELL (Support Break)
2026-04-06 00:00:00-04:00,41.040000915527344,42.86000061035156,41.040000915527344,42.58000183105469,523900,0,3,False,False,False,False,0,8,41.85682718570207,58.43000030517578,44.38550033569336,52.252070282652205,36.51893038873451,HOLD
2026-04-07 00:00:00-04:00,42.619998931884766,43.619998931884766,41.88999938964844,43.470001220703125,661000,0,4,False,False,False,False,0,9,41.85682718570207,58.43000030517578,44.05400047302246,51.45142092592457,36.65658002012035,HOLD
2026-04-08 00:00:00-04:00,46.349998474121094,47.900001525878906,45.54499816894531,45.7599983215332,877500,0,5,False,False,False,False,0,10,41.85682718570207,58.43000030517578,43.80950031280518,50.586182961086905,37.03281766452345,HOLD
2026-04-09 00:00:00-04:00,45.34000015258789,45.4900016784668,44.02000045776367,44.119998931884766,470300,0,6,False,False,False,False,0,11,41.85682718570207,58.43000030517578,43.49200019836426,49.5069691092289,37.47703128749962,HOLD
2026-04-10 00:00:00-04:00,44.61000061035156,44.83000183105469,43.79999923706055,43.97999954223633,305200,0,7,False,False,False,False,8,0,41.85682718570207,58.43000030517578,43.24400024414062,48.69583082385656,37.792169664424684,HOLD
2026-04-13 00:00:00-04:00,43.220001220703125,44.060001373291016,43.018001556396484,43.959999084472656,408800,0,8,False,False,False,True,9,0,41.85682718570207,58.43000030517578,43.0685001373291,48.1617202648026,37.97528000985561,HOLD
2026-04-14 00:00:00-04:00,44.08000183105469,45.59000015258789,43.630001068115234,44.5099983215332,460300,1,0,False,False,False,False,0,0,41.85682718570207,58.43000030517578,42.9579999923706,47.80773106967344,38.10826891506777,HOLD
2026-04-15 00:00:00-04:00,44.099998474121094,45.16999816894531,44.0099983215332,44.9900016784668,318000,0,1,False,False,False,False,0,12,41.85682718570207,58.43000030517578,42.81300010681152,47.19245929456161,38.433540919061436,HOLD
2026-04-16 00:00:00-04:00,45.86000061035156,47.61600112915039,45.78900146484375,46.63999938964844,732000,0,2,False,False,False,False,0,13,41.85682718570207,58.43000030517578,42.84450016021729,47.328593192966444,38.36040712746813,SELL (Setup Complete)
2026-04-17 00:00:00-04:00,47.65999984741211,49.83000183105469,47.29999923706055,48.18000030517578,678000,0,3,False,False,False,False,0,0,41.85682718570207,58.43000030517578,43.055000114440915,48.119287534472846,37.990712694408984,HOLD
2026-04-20 00:00:00-04:00,48.29999923706055,49.15999984741211,47.54999923706055,48.630001068115234,741000,0,4,False,False,False,False,0,0,41.85682718570207,58.43000030517578,43.37350025177002,48.99756592160569,37.749434581934345,HOLD
2026-04-21 00:00:00-04:00,48.619998931884766,48.935001373291016,45.459999084472656,45.79999923706055,587300,0,5,False,False,False,False,10,0,41.85682718570207,58.43000030517578,43.4685001373291,49.1932982500152,37.74370202464301,HOLD
2026-04-22 00:00:00-04:00,46.97999954223633,48.02000045776367,46.268001556396484,47.27000045776367,603000,0,6,False,False,False,False,11,0,41.85682718570207,58.43000030517578,43.65700016021729,49.629093261858,37.68490705857657,HOLD
2026-04-23 00:00:00-04:00,47.040000915527344,48.0,45.6609992980957,46.900001525878906,532800,1,0,False,False,False,False,0,0,41.85682718570207,58.43000030517578,43.84550018310547,49.98324691025795,37.707753455953,HOLD
2026-04-24 00:00:00-04:00,47.47999954223633,47.63999938964844,46.02000045776367,47.0099983215332,464900,2,0,False,False,False,False,0,0,41.85682718570207,58.43000030517578,44.21800003051758,50.16186225893506,38.2741378021001,HOLD
2026-04-27 00:00:00-04:00,47.0,47.849998474121094,45.84000015258789,47.209999084472656,497900,0,1,False,False,False,False,0,0,41.85682718570207,58.43000030517578,44.607500076293945,50.240338888800096,38.974661263787794,HOLD
2026-04-28 00:00:00-04:00,46.5,47.11000061035156,45.220001220703125,45.720001220703125,529000,1,0,False,False,False,False,12,0,41.85682718570207,58.43000030517578,44.994500160217285,49.696810036834016,40.292190283600554,HOLD
2026-04-29 00:00:00-04:00,45.5,45.84199905395508,44.349998474121094,45.16999816894531,402300,2,0,False,False,False,False,0,0,41.85682718570207,58.43000030517578,45.248999977111815,49.34299465281975,41.15500530140388,HOLD
2026-04-30 00:00:00-04:00,45.880001068115234,46.29999923706055,44.47999954223633,45.189998626708984,391100,3,0,False,False,False,False,0,0,41.85682718570207,58.43000030517578,45.417999839782716,49.17983910474077,41.65616057482466,HOLD
2026-05-01 00:00:00-04:00,45.0,45.0,42.380001068115234,42.630001068115234,771600,4,0,False,False,False,False,13,0,41.85682718570207,58.43000030517578,45.48599987030029,48.97112231948602,42.00087742111456,BUY (Setup Complete)
2026-05-04 00:00:00-04:00,42.439998626708984,43.05500030517578,41.85499954223633,42.63999938964844,686000,5,0,False,False,False,False,0,0,41.85682718570207,58.43000030517578,45.48899974822998,48.96367767966043,42.01432181679953,HOLD
2026-05-05 00:00:00-04:00,42.97999954223633,43.47999954223633,41.810001373291016,42.93000030517578,421400,6,0,False,False,False,False,0,0,41.85682718570207,58.43000030517578,45.46199970245361,49.01034638936701,41.91365301554021,HOLD
2026-05-06 00:00:00-04:00,43.7400016784668,44.220001220703125,41.9900016784668,43.099998474121094,689400,7,0,False,False,False,False,0,0,41.85682718570207,58.43000030517578,45.32899971008301,49.02658346355666,41.63141595660936,HOLD
2026-05-07 00:00:00-04:00,43.5099983215332,46.81999969482422,42.31999969482422,43.5099983215332,908200,0,1,False,False,False,False,0,0,41.85682718570207,58.43000030517578,45.29849967956543,49.04777539344893,41.54922396568193,HOLD
2026-05-08 00:00:00-04:00,44.290000915527344,46.650001525878906,44.0,45.38999938964844,934500,0,2,False,False,False,False,0,0,41.85682718570207,58.43000030517578,45.36899967193604,49.06655503518057,41.671444308691505,HOLD
2026-05-11 00:00:00-04:00,46.099998474121094,48.26499938964844,43.369998931884766,43.380001068115234,1015807,0,3,False,False,False,False,0,0,41.85682718570207,58.43000030517578,45.339999771118165,49.09277032129509,41.58722922094124,HOLD
