Date,Open,High,Low,Close,Volume,buy_setup_count,sell_setup_count,buy_perfect,sell_perfect,buy_intersection,sell_intersection,buy_countdown_count,sell_countdown_count,buy_countdown_recycled,sell_countdown_recycled,tdst_support,tdst_resistance,bb_middle,bb_upper,bb_lower,recommendation
2025-05-13 00:00:00-04:00,6.440000057220459,6.46999979019165,6.059999942779541,6.269999980926514,23329200,0,0,False,False,False,False,0,0,False,False,,,,,,HOLD
2025-05-14 00:00:00-04:00,6.239999771118164,6.550000190734863,6.010000228881836,6.269999980926514,35971000,0,0,False,False,False,False,0,0,False,False,,,,,,HOLD
2025-05-15 00:00:00-04:00,6.239999771118164,6.579999923706055,6.230000019073486,6.539999961853027,15380400,0,0,False,False,False,False,0,0,False,False,,,,,,HOLD
2025-05-16 00:00:00-04:00,6.539999961853027,6.809999942779541,6.53000020980835,6.710000038146973,15399200,0,0,False,False,False,False,0,0,False,False,,,,,,HOLD
2025-05-19 00:00:00-04:00,6.579999923706055,6.639999866485596,6.440000057220459,6.550000190734863,11044100,0,0,False,False,False,False,0,0,False,False,,,,,,HOLD
2025-05-20 00:00:00-04:00,6.579999923706055,6.730000019073486,6.539999961853027,6.670000076293945,11351000,0,0,False,False,False,False,0,0,False,False,,,,,,HOLD
2025-05-21 00:00:00-04:00,6.489999771118164,6.800000190734863,6.409999847412109,6.519999980926514,13132400,1,0,False,False,False,False,0,0,False,False,,,,,,HOLD
2025-05-22 00:00:00-04:00,6.449999809265137,6.570000171661377,6.380000114440918,6.519999980926514,11663400,2,0,False,False,False,False,0,0,False,False,,,,,,HOLD
2025-05-23 00:00:00-04:00,6.269999980926514,6.829999923706055,6.260000228881836,6.690000057220459,24913800,0,1,False,False,False,False,0,0,False,False,,,,,,HOLD
2025-05-27 00:00:00-04:00,6.860000133514404,6.980000019073486,6.699999809265137,6.960000038146973,15865300,0,2,False,False,False,False,0,0,False,False,,,,,,HOLD
2025-05-28 00:00:00-04:00,6.940000057220459,7.010000228881836,6.900000095367432,6.96999979019165,12123700,0,3,False,False,False,False,0,0,False,False,,,,,,HOLD
2025-05-29 00:00:00-04:00,6.940000057220459,6.949999809265137,6.650000095367432,6.71999979019165,11397600,0,4,False,False,False,False,0,0,False,False,,,,,,HOLD
2025-05-30 00:00:00-04:00,6.630000114440918,6.760000228881836,6.570000171661377,6.710000038146973,9800700,0,5,False,False,False,False,0,0,False,False,,,,,,HOLD
2025-06-02 00:00:00-04:00,6.679999828338623,6.710000038146973,6.489999771118164,6.510000228881836,7368500,1,0,False,False,False,False,0,0,False,False,,,,,,HOLD
2025-06-03 00:00:00-04:00,6.489999771118164,6.570000171661377,6.400000095367432,6.539999961853027,8939000,2,0,False,False,False,False,0,0,False,False,,,,,,HOLD
2025-06-04 00:00:00-04:00,6.550000190734863,6.659999847412109,6.510000228881836,6.599999904632568,7447100,3,0,False,False,False,False,0,0,False,False,,,,,,HOLD
2025-06-05 00:00:00-04:00,6.590000152587891,6.639999866485596,6.489999771118164,6.570000171661377,6766300,4,0,False,False,False,False,0,0,False,False,,,,,,HOLD
2025-06-06 00:00:00-04:00,6.559999942779541,6.889999866485596,6.559999942779541,6.739999771118164,7629500,0,1,False,False,False,False,0,0,False,False,,,,,,HOLD
2025-06-09 00:00:00-04:00,6.829999923706055,6.869999885559082,6.619999885559082,6.75,6634100,0,2,False,False,False,False,0,0,False,False,,,,,,HOLD
2025-06-10 00:00:00-04:00,6.829999923706055,7.170000076293945,6.809999942779541,6.920000076293945,10879700,0,3,False,False,False,False,0,0,False,False,,,6.636500000953674,7.016321236698284,6.256678765209065,HOLD
2025-06-11 00:00:00-04:00,7.0,7.079999923706055,6.880000114440918,7.010000228881836,7733800,0,4,False,False,False,False,0,0,False,False,,,6.673500013351441,7.047118155046084,6.2998818716567975,HOLD
2025-06-12 00:00:00-04:00,6.920000076293945,6.940000057220459,6.789999961853027,6.840000152587891,7816700,0,5,False,False,False,False,0,0,False,False,,,6.702000021934509,7.030223296544658,6.373776747324361,HOLD
2025-06-13 00:00:00-04:00,6.690000057220459,6.809999942779541,6.5,6.599999904632568,8373200,1,0,False,False,False,False,0,0,False,False,,,6.705000019073486,7.028044733360475,6.381955304786497,HOLD
2025-06-16 00:00:00-04:00,6.679999828338623,6.71999979019165,6.460000038146973,6.639999866485596,13468700,2,0,False,False,False,False,0,0,False,False,,,6.701500010490418,7.025830895376014,6.377169125604821,HOLD
2025-06-17 00:00:00-04:00,6.570000171661377,6.579999923706055,6.320000171661377,6.329999923706055,11699300,3,0,False,False,False,False,0,0,False,False,,,6.690499997138977,7.0495323507466,6.3314676435313535,HOLD
2025-06-18 00:00:00-04:00,6.329999923706055,6.369999885559082,6.150000095367432,6.170000076293945,7079500,4,0,False,False,False,False,0,0,False,False,,,6.665499997138977,7.0935420555240265,6.237457938753928,HOLD
2025-06-20 00:00:00-04:00,6.230000019073486,7.070000171661377,6.230000019073486,7.03000020980835,20757600,0,1,False,False,False,False,0,0,False,False,,,6.691000008583069,7.142658975513496,6.239341041652643,HOLD
2025-06-23 00:00:00-04:00,6.929999828338623,6.929999828338623,6.670000076293945,6.869999885559082,13442500,0,2,False,False,False,False,0,0,False,False,,,6.708500003814697,7.159383372157304,6.25761663547209,HOLD
2025-06-24 00:00:00-04:00,6.960000038146973,7.010000228881836,6.760000228881836,6.909999847412109,9510500,0,3,False,False,False,False,0,0,False,False,,,6.71949999332428,7.179132581111172,6.2598674055373875,HOLD
2025-06-25 00:00:00-04:00,6.949999809265137,6.949999809265137,6.659999847412109,6.699999809265137,6988400,0,4,False,False,False,False,0,0,False,False,,,6.706499981880188,7.151981396108164,6.261018567652211,HOLD
2025-06-26 00:00:00-04:00,6.679999828338623,6.840000152587891,6.650000095367432,6.829999923706055,7129400,1,0,False,False,False,False,0,0,False,False,,,6.699499988555909,7.131751162619557,6.26724881449226,HOLD
2025-06-27 00:00:00-04:00,6.940000057220459,7.090000152587891,6.809999942779541,6.889999866485596,10027600,0,1,False,False,False,False,0,0,False,False,,,6.707999992370605,7.148554685397784,6.267445299343427,HOLD
2025-06-30 00:00:00-04:00,6.920000076293945,6.96999979019165,6.820000171661377,6.829999923706055,7902800,1,0,False,False,False,False,0,0,False,False,,,6.71399998664856,7.157925078193548,6.270074895103571,HOLD
2025-07-01 00:00:00-04:00,6.820000171661377,7.360000133514404,6.800000190734863,7.090000152587891,11450700,0,1,False,False,False,False,0,0,False,False,,,6.7429999828338625,7.206174450549613,6.279825515118112,HOLD
2025-07-02 00:00:00-04:00,7.090000152587891,7.420000076293945,7.019999980926514,7.21999979019165,11602300,0,2,False,False,False,False,0,0,False,False,,,6.776999974250794,7.2758871801942915,6.278112768307296,HOLD
2025-07-03 00:00:00-04:00,7.199999809265137,7.269999980926514,7.059999942779541,7.110000133514404,5426500,0,3,False,False,False,False,0,0,False,False,,,6.802499985694885,7.315237772371524,6.289762199018246,HOLD
2025-07-07 00:00:00-04:00,7.039999961853027,7.179999828338623,6.920000076293945,6.980000019073486,8024300,0,4,False,False,False,False,0,0,False,False,,,6.822999978065491,7.329342962412677,6.316656993718305,HOLD
2025-07-08 00:00:00-04:00,6.980000019073486,7.090000152587891,6.849999904632568,7.0,9594100,1,0,False,False,False,False,0,0,False,False,,,6.835999989509583,7.3467023442699055,6.32529763474926,HOLD
2025-07-09 00:00:00-04:00,7.019999980926514,7.079999923706055,6.880000114440918,6.929999828338623,8585700,2,0,False,False,False,False,0,0,False,False,,,6.844999980926514,7.355665228493151,6.334334733359877,HOLD
2025-07-10 00:00:00-04:00,6.989999771118164,7.340000152587891,6.960000038146973,7.079999923706055,23278600,3,0,False,False,False,False,0,0,False,False,,,6.852999973297119,7.373530105462207,6.332469841132031,HOLD
2025-07-11 00:00:00-04:00,7.0,7.059999942779541,6.829999923706055,6.849999904632568,15490600,4,0,False,False,False,False,0,0,False,False,,,6.844999957084656,7.36026179196626,6.329738122203051,HOLD
2025-07-14 00:00:00-04:00,6.800000190734863,7.03000020980835,6.739999771118164,6.989999771118164,9632200,5,0,False,False,False,False,0,0,False,False,,,6.852499938011169,7.371806166814902,6.333193709207436,HOLD
2025-07-15 00:00:00-04:00,7.0,7.099999904632568,6.78000020980835,6.829999923706055,8845700,6,0,False,False,False,False,0,0,False,False,,,6.863999938964843,7.369772935663858,6.358226942265829,HOLD
2025-07-16 00:00:00-04:00,6.880000114440918,6.889999866485596,6.590000152587891,6.690000057220459,8354300,7,0,False,False,False,False,0,0,False,False,,,6.866499948501587,7.3680879457819515,6.364911951221222,HOLD
2025-07-17 00:00:00-04:00,6.760000228881836,6.869999885559082,6.730000019073486,6.840000152587891,6967500,8,0,False,False,True,False,0,0,False,False,,,6.891999959945679,7.326055478157854,6.4579444417335035,HOLD
2025-07-18 00:00:00-04:00,6.900000095367432,6.96999979019165,6.789999961853027,6.860000133514404,5781800,9,0,False,False,True,False,0,0,False,False,,7.090000152587891,6.926499962806702,7.198279699156755,6.654720226456648,BUY (Setup Complete)
2025-07-21 00:00:00-04:00,7.0,7.25,6.949999809265137,6.980000019073486,10111500,0,1,False,False,False,False,0,0,False,False,,7.090000152587891,6.923999953269958,7.192673115354877,6.65532679118504,HOLD
2025-07-22 00:00:00-04:00,7.03000020980835,7.230000019073486,7.010000228881836,7.199999809265137,8686700,0,2,False,False,False,False,0,0,False,False,,7.090000152587891,6.940499949455261,7.234544320912376,6.646455577998146,BUY (Resistance Break)
2025-07-23 00:00:00-04:00,7.300000190734863,7.489999771118164,7.260000228881836,7.369999885559082,7538900,0,3,False,False,False,False,0,0,False,False,,7.090000152587891,6.96349995136261,7.314034843676577,6.612965059048642,HOLD
2025-07-24 00:00:00-04:00,7.28000020980835,7.570000171661377,7.170000076293945,7.170000076293945,15471200,0,4,False,False,False,False,0,0,False,False,,7.090000152587891,6.98699996471405,7.325982914176996,6.648017015251104,HOLD
2025-07-25 00:00:00-04:00,7.210000038146973,7.360000133514404,7.039999961853027,7.360000133514404,10206500,0,5,False,False,False,False,0,0,False,False,,7.090000152587891,7.013499975204468,7.382354515655844,6.644645434753092,HOLD
2025-07-28 00:00:00-04:00,7.46999979019165,7.46999979019165,7.130000114440918,7.159999847412109,9198000,1,0,False,False,False,False,1,0,False,False,,7.090000152587891,7.026999974250794,7.3965857675165285,6.657414180985059,HOLD
2025-07-29 00:00:00-04:00,7.139999866485596,7.159999847412109,6.829999923706055,6.880000114440918,8462600,2,0,False,False,False,False,2,0,False,False,,7.090000152587891,7.029499983787536,7.394117971676855,6.6648819958982175,HOLD
2025-07-30 00:00:00-04:00,6.920000076293945,6.960000038146973,6.679999828338623,6.760000228881836,6216400,3,0,False,False,False,False,3,0,False,False,,7.090000152587891,7.0129999876022335,7.3955178691729,6.630482106031567,HOLD
2025-07-31 00:00:00-04:00,6.699999809265137,6.800000190734863,6.610000133514404,6.639999866485596,8125000,4,0,False,False,False,False,4,0,False,False,,7.090000152587891,6.9839999914169315,7.3877924974557425,6.5802074853781205,HOLD
2025-08-01 00:00:00-04:00,6.53000020980835,6.579999923706055,6.440000057220459,6.570000171661377,8419200,5,0,False,False,False,False,5,0,False,False,,7.090000152587891,6.956999993324279,7.395998772771383,6.5180012138771755,HOLD
2025-08-04 00:00:00-04:00,6.639999866485596,6.829999923706055,6.599999904632568,6.739999771118164,6714100,6,0,False,False,False,False,0,0,False,False,,7.090000152587891,6.9449999809265135,7.394350330464794,6.495649631388233,HOLD
2025-08-05 00:00:00-04:00,6.760000228881836,6.829999923706055,6.670000076293945,6.710000038146973,6449500,7,0,False,False,False,False,0,0,False,False,,7.090000152587891,6.9304999828338625,7.390956214506183,6.470043751161542,HOLD
2025-08-06 00:00:00-04:00,6.71999979019165,6.800000190734863,6.679999828338623,6.730000019073486,4269200,0,1,False,False,False,False,0,0,False,False,,7.090000152587891,6.920499992370606,7.389607703094068,6.451392281647143,HOLD
2025-08-07 00:00:00-04:00,6.840000152587891,6.860000133514404,6.590000152587891,6.639999866485596,12564700,0,2,False,False,False,False,6,0,False,False,,7.090000152587891,6.898499989509583,7.377282392616679,6.419717586402487,HOLD
2025-08-08 00:00:00-04:00,5.28000020980835,5.650000095367432,5.119999885559082,5.440000057220459,61855600,1,0,False,False,False,False,7,0,False,False,,7.090000152587891,6.827999997138977,7.63771984680928,6.018280147468674,HOLD
2025-08-11 00:00:00-04:00,5.599999904632568,5.630000114440918,5.090000152587891,5.119999885559082,25100200,2,0,False,False,False,False,8,0,False,False,,7.090000152587891,6.734500002861023,7.842413650626715,5.6265863550953314,HOLD
2025-08-12 00:00:00-04:00,5.139999866485596,5.150000095367432,4.989999771118164,5.03000020980835,25218300,3,0,False,False,False,False,9,0,False,False,,7.090000152587891,6.644500017166138,7.987293213841959,5.301706820490317,HOLD
2025-08-13 00:00:00-04:00,5.059999942779541,5.150000095367432,5.0,5.059999942779541,23318500,4,0,False,False,False,False,10,0,False,False,,7.090000152587891,6.563000011444092,8.080644978342127,5.045355044546057,HOLD
2025-08-14 00:00:00-04:00,5.0,5.0,4.849999904632568,4.920000076293945,20825500,5,0,False,False,False,False,11,0,False,False,,7.090000152587891,6.4670000076293945,8.14527100766599,4.788729007592799,HOLD
2025-08-15 00:00:00-04:00,5.179999828338623,5.369999885559082,5.03000020980835,5.170000076293945,30531300,0,1,False,False,False,False,0,0,False,False,,7.090000152587891,6.382500004768372,8.14549829259609,4.619501716940654,HOLD
2025-08-18 00:00:00-04:00,5.179999828338623,5.309999942779541,5.139999866485596,5.170000076293945,15829000,0,2,False,False,False,False,0,0,False,False,,7.090000152587891,6.292000007629395,8.110797695722402,4.473202319536387,HOLD
2025-08-19 00:00:00-04:00,5.300000190734863,5.380000114440918,5.050000190734863,5.079999923706055,17601400,0,3,False,False,False,False,0,0,False,False,,7.090000152587891,6.186000013351441,8.028931287246678,4.3430687394562035,HOLD
2025-08-20 00:00:00-04:00,5.130000114440918,5.300000190734863,5.099999904632568,5.130000114440918,13439100,0,4,False,False,False,False,12,0,False,False,,7.090000152587891,6.074000024795533,7.885964914766241,4.262035134824824,HOLD
2025-08-21 00:00:00-04:00,5.079999923706055,5.099999904632568,4.940000057220459,5.050000190734863,16838700,1,0,False,False,False,False,13,0,False,False,,7.090000152587891,5.968000030517578,7.757908537049884,4.178091523985271,BUY (Setup Complete)
2025-08-22 00:00:00-04:00,5.070000171661377,5.190000057220459,5.019999980926514,5.139999866485596,12239800,2,0,False,False,False,False,0,0,False,False,,7.090000152587891,5.857000017166138,7.556499579356682,4.157500454975594,HOLD
2025-08-25 00:00:00-04:00,5.110000133514404,5.179999828338623,5.0,5.070000171661377,16467500,3,0,False,False,False,False,0,0,False,False,,7.090000152587891,5.752500033378601,7.369682403456383,4.135317663300818,HOLD
2025-08-26 00:00:00-04:00,5.090000152587891,5.130000114440918,4.949999809265137,4.989999771118164,12821400,4,0,False,False,False,False,0,0,False,False,,7.090000152587891,5.658000016212464,7.2176301706295165,4.098369861795411,HOLD
2025-08-27 00:00:00-04:00,5.0,5.139999866485596,5.0,5.039999961853027,13281600,5,0,False,False,False,False,0,0,False,False,,7.090000152587891,5.572000002861023,7.063994012354359,4.080005993367686,HOLD
2025-08-28 00:00:00-04:00,5.070000171661377,5.119999885559082,5.0,5.019999980926514,11861400,6,0,False,False,False,False,0,0,False,False,,7.090000152587891,5.491000008583069,6.913124396123878,4.06887562104226,HOLD
2025-08-29 00:00:00-04:00,5.010000228881836,5.079999923706055,4.960000038146973,5.0,10531200,7,0,False,False,False,False,0,0,False,False,,7.090000152587891,5.4125,6.7549387904765545,4.070061209523445,HOLD
2025-09-02 00:00:00-04:00,4.949999809265137,5.070000171661377,4.949999809265137,5.03000020980835,13475800,0,1,False,False,False,False,0,0,False,False,,7.090000152587891,5.327000021934509,6.523311860926213,4.130688182942806,HOLD
2025-09-03 00:00:00-04:00,5.019999980926514,5.090000152587891,5.0,5.059999942779541,10271400,0,2,False,False,False,False,0,0,False,False,,7.090000152587891,5.244500017166137,6.251893167641799,4.237106866690476,HOLD
2025-09-04 00:00:00-04:00,5.059999942779541,5.309999942779541,5.039999961853027,5.260000228881836,13690000,0,3,False,False,False,False,0,0,False,False,,7.090000152587891,5.1710000276565555,5.897343369690856,4.444656685622255,HOLD
2025-09-05 00:00:00-04:00,5.230000019073486,5.300000190734863,5.099999904632568,5.139999866485596,9345200,0,4,False,False,False,False,0,0,False,False,,7.090000152587891,5.096000027656555,5.319126177234611,4.8728738780785,HOLD
2025-09-08 00:00:00-04:00,5.119999885559082,5.119999885559082,4.989999771118164,5.099999904632568,10115400,0,5,False,False,False,False,0,0,False,False,,7.090000152587891,5.079000020027161,5.232814704809053,4.925185335245269,HOLD
2025-09-09 00:00:00-04:00,5.079999923706055,5.130000114440918,5.010000228881836,5.039999961853027,8221900,1,0,False,False,False,False,0,0,False,False,,7.090000152587891,5.0750000238418576,5.228485879959253,4.921514167724462,HOLD
2025-09-10 00:00:00-04:00,5.0,5.039999961853027,4.909999847412109,5.0,13074400,2,0,False,False,False,False,0,0,False,False,,7.090000152587891,5.07350001335144,5.229404898536862,4.917595128166018,HOLD
2025-09-11 00:00:00-04:00,5.0,5.050000190734863,4.96999979019165,5.03000020980835,9107400,3,0,False,False,False,False,0,0,False,False,,7.090000152587891,5.072000026702881,5.2290250428936655,4.914975010512096,HOLD
2025-09-12 00:00:00-04:00,4.980000019073486,5.010000228881836,4.78000020980835,4.849999904632568,19419500,4,0,False,False,False,False,0,0,False,False,,7.090000152587891,5.068500018119812,5.242042145688116,4.894957890551507,HOLD
2025-09-15 00:00:00-04:00,4.789999961853027,4.96999979019165,4.760000228881836,4.880000114440918,10825000,5,0,False,False,False,False,0,0,False,False,,7.090000152587891,5.054000020027161,5.239857965599236,4.868142074455085,HOLD
2025-09-16 00:00:00-04:00,4.880000114440918,4.929999828338623,4.820000171661377,4.860000133514404,10944200,6,0,False,False,False,False,0,0,False,False,,7.090000152587891,5.038500022888184,5.235025114558,4.841974931218368,HOLD
2025-09-17 00:00:00-04:00,4.869999885559082,5.03000020980835,4.840000152587891,4.860000133514404,13202800,7,0,False,False,False,False,0,0,False,False,,7.090000152587891,5.027500033378601,5.238350443669643,4.816649623087559,HOLD
2025-09-18 00:00:00-04:00,4.909999847412109,5.050000190734863,4.889999866485596,4.949999809265137,12189800,0,1,False,False,False,False,0,0,False,False,,7.090000152587891,5.018500018119812,5.226272675429475,4.810727360810149,HOLD
2025-09-19 00:00:00-04:00,4.949999809265137,4.96999979019165,4.829999923706055,4.829999923706055,16215700,1,0,False,False,False,False,0,0,False,False,,7.090000152587891,5.007500004768372,5.230953772595088,4.784046236941656,HOLD
2025-09-22 00:00:00-04:00,4.820000171661377,4.889999866485596,4.78000020980835,4.78000020980835,11119500,2,0,False,False,False,False,0,0,False,False,,7.090000152587891,4.989500021934509,5.225651173754101,4.753348870114917,HOLD
2025-09-23 00:00:00-04:00,4.820000171661377,4.960000038146973,4.78000020980835,4.78000020980835,12853800,3,0,False,False,False,False,0,0,False,False,,7.090000152587891,4.975000023841858,5.225515235769209,4.724484811914507,HOLD
2025-09-24 00:00:00-04:00,4.78000020980835,4.860000133514404,4.78000020980835,4.840000152587891,10013700,4,0,False,False,False,False,0,0,False,False,,7.090000152587891,4.967500042915344,5.225008292236676,4.709991793594013,HOLD
2025-09-25 00:00:00-04:00,4.829999923706055,4.829999923706055,4.71999979019165,4.769999980926514,11912700,5,0,False,False,False,False,0,0,False,False,,7.090000152587891,4.954000043869018,5.223533716984623,4.684466370753413,HOLD
2025-09-26 00:00:00-04:00,4.800000190734863,5.010000228881836,4.789999961853027,4.96999979019165,14483000,0,1,False,False,False,False,0,0,False,False,,7.090000152587891,4.951500034332275,5.219378602154288,4.683621466510262,HOLD
2025-09-29 00:00:00-04:00,5.019999980926514,5.050000190734863,4.940000057220459,5.0,9091600,0,2,False,False,False,False,0,0,False,False,,7.090000152587891,4.951500034332275,5.219378602154288,4.683621466510262,HOLD
2025-09-30 00:00:00-04:00,5.0,5.050000190734863,4.900000095367432,4.989999771118164,8594400,0,3,False,False,False,False,0,0,False,False,,7.090000152587891,4.949500012397766,5.215501537579507,4.683498487216025,HOLD
2025-10-01 00:00:00-04:00,5.010000228881836,5.110000133514404,4.989999771118164,5.03000020980835,10613900,0,4,False,False,False,False,0,0,False,False,,7.090000152587891,4.948000025749207,5.211706362465342,4.684293689033072,HOLD
2025-10-02 00:00:00-04:00,5.070000171661377,5.150000095367432,5.039999961853027,5.090000152587891,9883400,0,5,False,False,False,False,0,0,False,False,,7.090000152587891,4.939500021934509,5.169692074513749,4.709307969355269,HOLD
2025-10-03 00:00:00-04:00,5.110000133514404,5.139999866485596,5.03000020980835,5.050000190734863,8576500,0,6,False,False,False,False,0,0,False,False,,7.090000152587891,4.935000038146972,5.151819105401187,4.718180970892758,HOLD
2025-10-06 00:00:00-04:00,5.059999942779541,5.059999942779541,4.960000038146973,5.0,7461000,0,7,False,False,False,False,0,0,False,False,,7.090000152587891,4.930000042915344,5.1350930655573155,4.724907020273372,HOLD
2025-10-07 00:00:00-04:00,4.989999771118164,5.059999942779541,4.840000152587891,4.849999904632568,8628700,1,0,False,False,False,False,0,0,False,False,,7.090000152587891,4.920500040054321,5.121704304720733,4.719295775387909,HOLD
2025-10-08 00:00:00-04:00,4.869999885559082,4.960000038146973,4.829999923706055,4.949999809265137,7659000,2,0,False,False,False,False,0,0,False,False,,7.090000152587891,4.918000030517578,5.116266190471271,4.719733870563885,HOLD
2025-10-09 00:00:00-04:00,4.960000038146973,5.019999980926514,4.789999961853027,4.809999942779541,9135300,3,0,False,False,False,False,0,0,False,False,,7.090000152587891,4.907000017166138,5.103506321489188,4.710493712843088,HOLD
2025-10-10 00:00:00-04:00,4.840000152587891,4.840000152587891,4.71999979019165,4.75,10563200,4,0,False,False,False,False,0,0,False,False,,7.090000152587891,4.9020000219345095,5.10939994062649,4.694600103242529,HOLD
2025-10-13 00:00:00-04:00,4.78000020980835,4.900000095367432,4.769999980926514,4.840000152587891,9360400,5,0,False,False,False,False,0,0,False,False,,7.090000152587891,4.900000023841858,5.109058030307804,4.690942017375911,HOLD
2025-10-14 00:00:00-04:00,4.78000020980835,4.940000057220459,4.75,4.889999866485596,8718600,6,0,False,False,False,False,0,0,False,False,,7.090000152587891,4.901500010490418,5.1097786449874345,4.693221375993401,HOLD
2025-10-15 00:00:00-04:00,4.880000114440918,4.960000038146973,4.800000190734863,4.800000190734863,7005600,7,0,False,False,False,False,0,0,False,False,,7.090000152587891,4.89850001335144,5.110981554101359,4.686018472601521,HOLD
2025-10-16 00:00:00-04:00,4.809999942779541,4.849999904632568,4.760000228881836,4.760000228881836,7526700,0,1,False,False,False,False,0,0,False,False,,7.090000152587891,4.889000034332275,5.1086552156837515,4.669344852980799,HOLD
2025-10-17 00:00:00-04:00,4.769999980926514,4.820000171661377,4.739999771118164,4.78000020980835,6619200,1,0,False,False,False,False,0,0,False,False,,7.090000152587891,4.88650004863739,5.110085588101048,4.662914509173732,HOLD
2025-10-20 00:00:00-04:00,4.800000190734863,4.889999866485596,4.730000019073486,4.730000019073486,8049900,2,0,False,False,False,False,0,0,False,False,,7.090000152587891,4.884000039100647,5.113635854458321,4.654364223742972,HOLD
2025-10-21 00:00:00-04:00,4.75,4.889999866485596,4.71999979019165,4.789999961853027,8770500,3,0,False,False,False,False,0,0,False,False,,7.090000152587891,4.884500026702881,5.11322414773719,4.6557759056685715,HOLD
2025-10-22 00:00:00-04:00,4.769999980926514,4.820000171661377,4.739999771118164,4.78000020980835,9421900,0,1,False,False,False,False,0,0,False,False,,7.090000152587891,4.881500029563904,5.114220738662949,4.648779320464859,HOLD
2025-10-23 00:00:00-04:00,4.789999961853027,4.869999885559082,4.760000228881836,4.849999904632568,8176300,0,2,False,False,False,False,0,0,False,False,,7.090000152587891,4.885500025749207,5.112839284285788,4.6581607672126255,HOLD
2025-10-24 00:00:00-04:00,4.880000114440918,4.909999847412109,4.800000190734863,4.809999942779541,7888500,0,3,False,False,False,False,0,0,False,False,,7.090000152587891,4.877500033378601,5.103576388677948,4.6514236780792535,HOLD
2025-10-27 00:00:00-04:00,4.860000133514404,4.940000057220459,4.820000171661377,4.849999904632568,9498500,0,4,False,False,False,False,0,0,False,False,,7.090000152587891,4.87000002861023,5.088800575299201,4.6511994819212585,HOLD
2025-10-28 00:00:00-04:00,4.820000171661377,4.829999923706055,4.710000038146973,4.71999979019165,10112000,1,0,False,False,False,False,0,0,False,False,,7.090000152587891,4.856500029563904,5.077433508567858,4.6355665505599495,HOLD
2025-10-29 00:00:00-04:00,4.699999809265137,4.760000228881836,4.610000133514404,4.619999885559082,11360100,2,0,False,False,False,False,0,0,False,False,,7.090000152587891,4.83600001335144,5.065085197444939,4.606914829257941,HOLD
2025-10-30 00:00:00-04:00,4.619999885559082,4.630000114440918,4.46999979019165,4.550000190734863,12248400,3,0,False,False,False,False,0,0,False,False,,7.090000152587891,4.809000015258789,5.039322412792736,4.578677617724842,HOLD
2025-10-31 00:00:00-04:00,4.5,4.619999885559082,4.449999809265137,4.610000133514404,10836900,4,0,False,False,False,False,0,0,False,False,,7.090000152587891,4.787000012397766,5.0040713313423195,4.569928693453213,HOLD
2025-11-03 00:00:00-05:00,4.610000133514404,4.619999885559082,4.519999980926514,4.570000171661377,8991300,5,0,False,False,False,False,0,0,False,False,,7.090000152587891,4.765500020980835,4.978891058974989,4.552108982986681,HOLD
2025-11-04 00:00:00-05:00,4.519999980926514,4.519999980926514,4.440000057220459,4.480000019073486,10975100,6,0,False,False,False,False,0,0,False,False,,7.090000152587891,4.747000026702881,4.99144128719335,4.502558766212411,HOLD
2025-11-05 00:00:00-05:00,4.440000057220459,4.659999847412109,4.429999828338623,4.610000133514404,15926000,0,1,False,False,False,False,0,0,False,False,,7.090000152587891,4.730000042915345,4.961970928897594,4.498029156933095,HOLD
2025-11-06 00:00:00-05:00,4.53000020980835,4.690000057220459,4.349999904632568,4.550000190734863,18607800,1,0,False,False,False,False,0,0,False,False,,7.090000152587891,4.71700005531311,4.959017804111851,4.474982306514369,HOLD
2025-11-07 00:00:00-05:00,4.510000228881836,4.690000057220459,4.510000228881836,4.659999847412109,15499600,0,1,False,False,False,False,0,0,False,False,,7.090000152587891,4.712500047683716,4.95527992717726,4.469720168190172,HOLD
2025-11-10 00:00:00-05:00,4.690000057220459,4.710000038146973,4.429999828338623,4.480000019073486,10218400,0,0,False,False,False,False,0,0,False,False,,7.090000152587891,4.694500041007996,4.950499553223581,4.43850052879241,HOLD
2025-11-11 00:00:00-05:00,4.519999980926514,4.730000019073486,4.5,4.630000114440918,10583800,0,1,False,False,False,False,0,0,False,False,,7.090000152587891,4.681500053405761,4.921611816383646,4.441388290427876,HOLD
2025-11-12 00:00:00-05:00,4.690000057220459,4.829999923706055,4.690000057220459,4.809999942779541,11139300,0,2,False,False,False,False,0,0,False,False,,7.090000152587891,4.682000041007996,4.923189993749622,4.440810088266369,HOLD
2025-11-13 00:00:00-05:00,4.78000020980835,4.860000133514404,4.659999847412109,4.659999847412109,7486800,0,0,False,False,False,False,0,0,False,False,,7.090000152587891,4.677000021934509,4.915512867704361,4.4384871761646565,HOLD
2025-11-14 00:00:00-05:00,4.570000171661377,4.619999885559082,4.510000228881836,4.53000020980835,9477900,0,1,False,False,False,False,0,0,False,False,,7.090000152587891,4.66450002193451,4.906463350887228,4.422536692981791,HOLD
2025-11-17 00:00:00-05:00,4.5,4.5,4.230000019073486,4.260000228881836,14494100,1,0,False,False,False,False,0,0,False,False,,7.090000152587891,4.641000032424927,4.940606631489827,4.341393433360026,HOLD
2025-11-18 00:00:00-05:00,4.199999809265137,4.300000190734863,4.170000076293945,4.269999980926514,7465100,2,0,False,False,False,False,0,0,False,False,,7.090000152587891,4.615000033378601,4.948498112817381,4.281501953939822,HOLD
2025-11-19 00:00:00-05:00,4.289999961853027,4.349999904632568,4.199999809265137,4.230000019073486,7201500,3,0,False,False,False,False,0,0,False,False,,7.090000152587891,4.587500023841858,4.952890815360689,4.222109232323026,HOLD
2025-11-20 00:00:00-05:00,4.25,4.309999942779541,4.130000114440918,4.170000076293945,9260300,4,0,False,False,False,False,0,0,False,False,,7.090000152587891,4.553500032424926,4.941871687161235,4.165128377688617,HOLD
2025-11-21 00:00:00-05:00,4.190000057220459,4.360000133514404,4.179999828338623,4.28000020980835,11168200,0,1,False,False,False,False,0,0,False,False,,7.090000152587891,4.527000045776367,4.914004612205113,4.139995479347621,HOLD
2025-11-24 00:00:00-05:00,4.289999961853027,4.440000057220459,4.230000019073486,4.400000095367432,10446600,0,2,False,False,False,False,0,0,False,False,,7.090000152587891,4.504500055313111,4.863766742869024,4.145233367757197,HOLD
2025-11-25 00:00:00-05:00,4.449999809265137,4.590000152587891,4.420000076293945,4.5,9296500,0,3,False,False,False,False,0,0,False,False,,7.090000152587891,4.493500065803528,4.838160003505978,4.148840128101078,HOLD
2025-11-26 00:00:00-05:00,4.480000019073486,4.690000057220459,4.440000057220459,4.619999885559082,6923200,0,4,False,False,False,False,0,0,False,False,,7.090000152587891,4.493500065803528,4.838160003505978,4.148840128101078,HOLD
2025-11-28 00:00:00-05:00,4.630000114440918,4.659999847412109,4.599999904632568,4.619999885559082,3462200,0,5,False,False,False,False,0,0,False,False,,7.090000152587891,4.497000050544739,4.845476339110042,4.148523761979436,HOLD
2025-12-01 00:00:00-05:00,4.570000171661377,4.699999809265137,4.53000020980835,4.579999923706055,7652400,0,6,False,False,False,False,0,0,False,False,,7.090000152587891,4.4955000400543215,4.842181950107902,4.148818130000741,HOLD
2025-12-02 00:00:00-05:00,4.619999885559082,4.630000114440918,4.510000228881836,4.559999942779541,6110200,0,7,False,False,False,False,0,0,False,False,,7.090000152587891,4.49500002861023,4.841258105381878,4.1487419518385815,HOLD
2025-12-03 00:00:00-05:00,4.599999904632568,4.699999809265137,4.550000190734863,4.639999866485596,5726300,0,8,False,False,False,True,0,0,False,False,,7.090000152587891,4.503000020980835,4.8551422081289095,4.15085783383276,HOLD
2025-12-04 00:00:00-05:00,4.599999904632568,4.630000114440918,4.510000228881836,4.53000020980835,8041700,1,0,False,False,False,False,0,0,False,False,,7.090000152587891,4.499000024795532,4.847826495477376,4.150173554113689,HOLD
2025-12-05 00:00:00-05:00,4.53000020980835,4.570000171661377,4.489999771118164,4.550000190734863,6214000,2,0,False,False,False,False,0,0,False,False,,7.090000152587891,4.499000024795532,4.847826495477376,4.150173554113689,HOLD
2025-12-08 00:00:00-05:00,4.53000020980835,4.53000020980835,4.320000171661377,4.360000133514404,11247200,3,0,False,False,False,False,0,0,False,False,,7.090000152587891,4.484000039100647,4.829460705475066,4.138539372726228,HOLD
2025-12-09 00:00:00-05:00,4.320000171661377,4.389999866485596,4.289999961853027,4.309999942779541,6190800,4,0,False,False,False,False,0,0,False,False,,7.090000152587891,4.4755000352859495,4.829631923925393,4.121368146646506,HOLD
2025-12-10 00:00:00-05:00,4.360000133514404,4.460000038146973,4.360000133514404,4.380000114440918,7751200,5,0,False,False,False,False,0,0,False,False,,7.090000152587891,4.463000035285949,4.811778228876804,4.114221841695095,HOLD
2025-12-11 00:00:00-05:00,4.360000133514404,4.440000057220459,4.349999904632568,4.420000076293945,6337300,6,0,False,False,False,False,0,0,False,False,,7.090000152587891,4.44350004196167,4.751858906861569,4.1351411770617705,HOLD
2025-12-12 00:00:00-05:00,4.449999809265137,4.550000190734863,4.300000190734863,4.329999923706055,7637800,7,0,False,False,False,False,0,0,False,False,,7.090000152587891,4.427000045776367,4.7215897744081285,4.132410317144606,HOLD
2025-12-15 00:00:00-05:00,4.360000133514404,4.389999866485596,4.260000228881836,4.300000190734863,6919100,8,0,False,False,True,False,0,0,False,False,,7.090000152587891,4.415500044822693,4.7111152616428,4.1198848280025855,HOLD
2025-12-16 00:00:00-05:00,4.289999961853027,4.369999885559082,4.28000020980835,4.349999904632568,9727700,9,0,True,False,True,False,0,0,False,False,,4.630000114440918,4.42000002861023,4.708298036526243,4.131702020694217,BUY (Setup Complete)
2025-12-17 00:00:00-05:00,4.349999904632568,4.46999979019165,4.340000152587891,4.369999885559082,10791500,10,0,False,False,False,False,0,0,False,False,,4.630000114440918,4.425000023841858,4.705713315467735,4.144286732215981,HOLD
2025-12-18 00:00:00-05:00,4.440000057220459,4.610000133514404,4.420000076293945,4.539999961853027,13368200,0,1,False,False,False,False,0,0,False,False,,4.630000114440918,4.440500020980835,4.709883237787031,4.1711168041746385,HOLD
2025-12-19 00:00:00-05:00,4.46999979019165,4.590000152587891,4.440000057220459,4.53000020980835,44275200,0,2,False,False,False,False,0,0,False,False,,4.630000114440918,4.458500027656555,4.698260793082205,4.218739262230906,HOLD
2025-12-22 00:00:00-05:00,4.559999942779541,4.639999866485596,4.449999809265137,4.550000190734863,19640500,0,3,False,False,False,False,0,0,False,False,,4.630000114440918,4.472000026702881,4.699535986805707,4.244464066600055,HOLD
2025-12-23 00:00:00-05:00,4.550000190734863,4.599999904632568,4.510000228881836,4.559999942779541,8099400,0,4,False,False,False,False,0,0,False,False,,4.630000114440918,4.480000019073486,4.7081273657685845,4.251872672378388,HOLD
2025-12-24 00:00:00-05:00,4.559999942779541,4.659999847412109,4.559999942779541,4.619999885559082,4780900,0,5,False,False,False,False,0,0,False,False,,4.630000114440918,4.486000013351441,4.72250076431293,4.249499262389951,HOLD
2025-12-26 00:00:00-05:00,4.630000114440918,4.679999828338623,4.599999904632568,4.650000095367432,7998100,0,6,False,False,False,False,0,0,False,False,,4.630000114440918,4.487500023841858,4.727927246770924,4.247072800912792,BUY (Resistance Break)
2025-12-29 00:00:00-05:00,4.610000133514404,4.78000020980835,4.610000133514404,4.78000020980835,11624000,0,7,False,False,False,False,0,0,False,False,,4.630000114440918,4.4955000400543215,4.763551518021923,4.22744856208672,HOLD
2025-12-30 00:00:00-05:00,4.909999847412109,5.199999809265137,4.909999847412109,5.139999866485596,29989000,0,8,False,False,False,False,0,0,False,False,,4.630000114440918,4.5235000371932985,4.916559527703339,4.130440546683258,HOLD
2025-12-31 00:00:00-05:00,5.150000095367432,5.159999847412109,4.960000038146973,4.96999979019165,13266900,0,9,False,True,False,False,0,1,False,False,4.420000076293945,4.630000114440918,4.544000029563904,4.984927202738066,4.103072856389741,SELL (Setup Complete)
2026-01-02 00:00:00-05:00,5.159999847412109,5.46999979019165,5.139999866485596,5.289999961853027,14580100,0,10,False,False,False,False,0,2,False,False,4.420000076293945,4.630000114440918,4.576500034332275,5.1289404748073615,4.024059593857189,HOLD
2026-01-05 00:00:00-05:00,5.289999961853027,5.440000057220459,5.199999809265137,5.420000076293945,13001900,0,11,False,False,False,False,0,3,False,False,4.420000076293945,4.630000114440918,4.621000027656555,5.288970983578069,3.953029071735041,HOLD
2026-01-06 00:00:00-05:00,5.619999885559082,5.690000057220459,5.300000190734863,5.690000057220459,26654200,0,12,False,False,False,False,0,4,False,False,4.420000076293945,4.630000114440918,4.678000020980835,5.497771464336296,3.8582285776253737,HOLD
2026-01-07 00:00:00-05:00,5.769999980926514,5.869999885559082,5.650000095367432,5.71999979019165,19901300,0,13,False,False,False,False,0,5,False,False,4.420000076293945,4.630000114440918,4.746000003814697,5.673280059071819,3.8187199485575762,HOLD
2026-01-08 00:00:00-05:00,5.619999885559082,6.099999904632568,5.559999942779541,6.0,16472300,0,14,False,False,False,False,0,6,False,False,4.420000076293945,4.630000114440918,4.83050000667572,5.88918780984068,3.771812203510761,HOLD
2026-01-09 00:00:00-05:00,6.03000020980835,6.110000133514404,5.590000152587891,5.639999866485596,15104800,0,15,False,False,False,False,1,0,False,False,4.420000076293945,4.630000114440918,4.8934999942779545,5.9886427879551505,3.7983572006007584,HOLD
2026-01-12 00:00:00-05:00,5.480000019073486,5.670000076293945,5.389999866485596,5.590000152587891,9113000,1,0,False,False,False,False,0,0,False,False,4.420000076293945,4.630000114440918,4.951999998092651,6.065488546219731,3.838511449965571,HOLD
2026-01-13 00:00:00-05:00,5.579999923706055,5.730000019073486,5.460000038146973,5.610000133514404,9535700,2,0,False,False,False,False,0,0,False,False,4.420000076293945,4.630000114440918,5.0160000085830685,6.126095272979766,3.905904744186371,HOLD
2026-01-14 00:00:00-05:00,5.599999904632568,5.809999942779541,5.510000228881836,5.800000190734863,10948200,3,0,False,False,False,False,0,7,False,False,4.420000076293945,4.630000114440918,5.091000008583069,6.200099230818585,3.9819007863475524,HOLD
2026-01-15 00:00:00-05:00,5.710000038146973,5.78000020980835,5.610000133514404,5.760000228881836,8576700,0,1,False,False,False,False,0,8,False,False,4.420000076293945,4.630000114440918,5.161500024795532,6.251362908263211,4.071637141327853,HOLD
2026-01-16 00:00:00-05:00,5.739999771118164,5.809999942779541,5.639999866485596,5.78000020980835,9372300,0,2,False,False,False,False,0,0,False,False,4.420000076293945,4.630000114440918,5.232000041007995,6.288181864503684,4.175818217512306,HOLD
2026-01-20 00:00:00-05:00,5.639999866485596,5.960000038146973,5.639999866485596,5.739999771118164,16082400,0,3,False,False,False,False,0,0,False,False,4.420000076293945,4.630000114440918,5.292000031471252,6.318585567628289,4.265414495314215,HOLD
2026-01-21 00:00:00-05:00,5.800000190734863,6.179999828338623,5.800000190734863,6.179999828338623,17220800,0,4,False,False,False,False,0,9,False,False,4.420000076293945,4.630000114440918,5.374500012397766,6.40841895693912,4.340581067856411,HOLD
2026-01-22 00:00:00-05:00,6.21999979019165,6.480000019073486,6.21999979019165,6.340000152587891,16044300,0,5,False,False,False,False,0,10,False,False,4.420000076293945,4.630000114440918,5.464000010490418,6.507262140849901,4.420737880130934,HOLD
2026-01-23 00:00:00-05:00,6.300000190734863,6.369999885559082,6.260000228881836,6.349999904632568,8159800,0,6,False,False,False,False,0,11,False,False,4.420000076293945,4.630000114440918,5.553500008583069,6.57716268862006,4.529837328546078,HOLD
2026-01-26 00:00:00-05:00,6.309999942779541,6.400000095367432,6.25,6.320000171661377,9452200,0,7,False,False,False,False,0,0,False,False,4.420000076293945,4.630000114440918,5.638500022888183,6.617119357897122,4.6598806878792445,HOLD
2026-01-27 00:00:00-05:00,6.400000095367432,6.5,6.269999980926514,6.329999923706055,12463800,0,8,False,False,False,True,0,0,False,False,4.420000076293945,4.630000114440918,5.722500014305115,6.629661590874125,4.815338437736104,HOLD
2026-01-28 00:00:00-05:00,6.329999923706055,6.389999866485596,5.960000038146973,6.070000171661377,11561300,1,0,False,False,False,False,2,0,False,False,4.420000076293945,4.630000114440918,5.787000012397766,6.5893938756951576,4.984606149100375,HOLD
2026-01-29 00:00:00-05:00,6.010000228881836,6.170000076293945,5.96999979019165,6.050000190734863,9683000,2,0,False,False,False,False,3,0,False,False,4.420000076293945,4.630000114440918,5.832500028610229,6.581868247678522,5.083131809541936,HOLD
2026-01-30 00:00:00-05:00,6.050000190734863,6.329999923706055,6.039999961853027,6.170000076293945,10287900,3,0,False,False,False,False,0,0,False,False,4.420000076293945,4.630000114440918,5.892500042915344,6.5357442943704465,5.249255791460242,HOLD
2026-02-02 00:00:00-05:00,6.110000133514404,6.25,5.920000076293945,6.170000076293945,10455700,4,0,False,False,False,False,0,12,False,False,4.420000076293945,4.630000114440918,5.93650004863739,6.524208346164748,5.348791751110031,HOLD
2026-02-03 00:00:00-05:00,6.159999847412109,6.480000019073486,6.090000152587891,6.239999771118164,11588100,0,1,False,False,False,False,0,0,False,False,4.420000076293945,4.630000114440918,5.977500033378601,6.526638083188233,5.428361983568969,HOLD
2026-02-04 00:00:00-05:00,6.380000114440918,6.670000076293945,6.329999923706055,6.610000133514404,13435200,0,2,False,False,False,False,0,13,False,False,4.420000076293945,4.630000114440918,6.0235000371932985,6.623053374914197,5.4239466994724,SELL (Setup Complete)
2026-02-05 00:00:00-05:00,6.489999771118164,6.639999866485596,6.260000228881836,6.28000020980835,14997300,0,3,False,False,False,False,0,0,False,False,4.420000076293945,4.630000114440918,6.051500058174133,6.6436335580204595,5.459366558327806,HOLD
2026-02-06 00:00:00-05:00,6.420000076293945,7.579999923706055,6.420000076293945,7.559999942779541,28241300,0,4,False,False,False,False,0,0,False,False,4.420000076293945,4.630000114440918,6.129500055313111,7.025889836905475,5.233110273720746,HOLD
2026-02-09 00:00:00-05:00,7.449999809265137,7.940000057220459,7.429999828338623,7.860000133514404,17591500,0,5,False,False,False,False,0,0,False,False,4.420000076293945,4.630000114440918,6.24050006866455,7.394467556037649,5.0865325812914515,HOLD
2026-02-10 00:00:00-05:00,7.440000057220459,7.460000038146973,7.03000020980835,7.090000152587891,17972300,0,6,False,False,False,False,0,0,False,False,4.420000076293945,4.630000114440918,6.315500068664551,7.486311287288306,5.1446888500407955,HOLD
2026-02-11 00:00:00-05:00,7.110000133514404,7.130000114440918,6.800000190734863,6.980000019073486,11420500,0,7,False,False,False,False,4,0,False,False,4.420000076293945,4.630000114440918,6.384000062942505,7.541245418552787,5.226754707332223,HOLD
2026-02-12 00:00:00-05:00,6.96999979019165,7.269999980926514,6.920000076293945,7.03000020980835,11514700,1,0,False,False,False,False,5,0,False,False,4.420000076293945,4.630000114440918,6.445500063896179,7.602801389240127,5.288198738552231,HOLD
2026-02-13 00:00:00-05:00,7.079999923706055,7.260000228881836,6.960000038146973,7.190000057220459,8025200,2,0,False,False,False,False,0,0,False,False,4.420000076293945,4.630000114440918,6.51700005531311,7.672674425732146,5.361325684894074,HOLD
2026-02-17 00:00:00-05:00,7.300000190734863,7.820000171661377,7.260000228881836,7.71999979019165,12834600,0,1,False,False,False,False,0,0,False,False,4.420000076293945,4.630000114440918,6.614000034332276,7.833135198969014,5.394864869695537,HOLD
2026-02-18 00:00:00-05:00,7.590000152587891,8.020000457763672,7.590000152587891,7.860000133514404,9245900,0,2,False,False,False,False,0,0,False,False,4.420000076293945,4.630000114440918,6.720000052452088,7.986890137917597,5.453109966986578,HOLD
2026-02-19 00:00:00-05:00,7.809999942779541,7.809999942779541,7.53000020980835,7.710000038146973,6619700,0,3,False,False,False,False,0,0,False,False,4.420000076293945,4.630000114440918,6.7965000629425045,8.110013192211845,5.482986933673164,HOLD
2026-02-20 00:00:00-05:00,7.739999771118164,8.149999618530273,7.699999809265137,8.140000343322754,9181900,0,4,False,False,False,False,0,0,False,False,4.420000076293945,4.630000114440918,6.886500072479248,8.310346258696057,5.462653886262439,HOLD
2026-02-23 00:00:00-05:00,8.0600004196167,8.069999694824219,7.570000171661377,7.619999885559082,8414500,1,0,False,False,False,False,0,0,False,False,4.420000076293945,4.630000114440918,6.950000071525574,8.386325783570076,5.5136743594810715,HOLD
2026-02-24 00:00:00-05:00,7.579999923706055,7.78000020980835,7.420000076293945,7.75,6917700,2,0,False,False,False,False,0,0,False,False,4.420000076293945,4.630000114440918,7.021500062942505,8.468111704997172,5.574888420887838,HOLD
2026-02-25 00:00:00-05:00,7.699999809265137,7.849999904632568,7.5,7.590000152587891,6782300,3,0,False,False,False,False,0,0,False,False,4.420000076293945,4.630000114440918,7.084500074386597,8.513956709058236,5.655043439714957,HOLD
2026-02-26 00:00:00-05:00,7.570000171661377,7.789999961853027,7.559999942779541,7.619999885559082,5868100,4,0,False,False,False,False,0,0,False,False,4.420000076293945,4.630000114440918,7.162000060081482,8.526460225083268,5.797539895079696,HOLD
2026-02-27 00:00:00-05:00,7.5,7.510000228881836,7.170000076293945,7.420000076293945,6939700,5,0,False,False,False,False,6,0,False,False,4.420000076293945,4.630000114440918,7.230500054359436,8.493703595780714,5.967296512938158,HOLD
2026-03-02 00:00:00-05:00,7.300000190734863,7.360000133514404,7.199999809265137,7.230000019073486,7629000,6,0,False,False,False,False,7,0,False,False,4.420000076293945,4.630000114440918,7.283500051498413,8.444140091907627,6.122860011089198,HOLD
2026-03-03 00:00:00-05:00,6.900000095367432,7.21999979019165,6.789999961853027,7.119999885559082,12175500,7,0,False,False,False,False,8,0,False,False,4.420000076293945,4.630000114440918,7.33100004196167,8.371281412680483,6.290718671242857,HOLD
2026-03-04 00:00:00-05:00,7.090000152587891,7.099999904632568,6.800000190734863,6.820000171661377,14093900,8,0,False,False,True,False,9,0,False,False,4.420000076293945,4.630000114440918,7.36000006198883,8.299697613778958,6.420302510198702,HOLD
2026-03-05 00:00:00-05:00,6.75,6.849999904632568,6.590000152587891,6.71999979019165,9261300,9,0,True,False,True,False,1,0,False,False,4.420000076293945,8.069999694824219,7.365500044822693,8.287842033110868,6.443158056534517,BUY (Setup Complete)
2026-03-06 00:00:00-05:00,6.610000133514404,6.650000095367432,6.480000019073486,6.590000152587891,9876800,10,0,False,False,False,False,2,0,False,False,4.420000076293945,8.069999694824219,7.38100004196167,8.234374794436985,6.527625289486355,HOLD
2026-03-09 00:00:00-04:00,6.389999866485596,6.510000228881836,6.099999904632568,6.480000019073486,15332200,11,0,False,False,False,False,3,0,False,False,4.420000076293945,8.069999694824219,7.3270000457763675,8.265152800565478,6.3888472909872585,HOLD
2026-03-10 00:00:00-04:00,6.449999809265137,6.889999866485596,6.429999828338623,6.679999828338623,19178200,12,0,False,False,False,False,0,0,False,False,4.420000076293945,8.069999694824219,7.2680000305175785,8.213406705539647,6.32259335549551,HOLD
2026-03-11 00:00:00-04:00,6.639999866485596,6.739999771118164,6.480000019073486,6.519999980926514,12391900,13,0,False,False,False,False,0,0,False,False,4.420000076293945,8.069999694824219,7.239500021934509,8.240246645153276,6.238753398715741,HOLD
2026-03-12 00:00:00-04:00,6.409999847412109,6.590000152587891,6.28000020980835,6.539999961853027,22876300,14,0,False,False,False,False,0,0,False,False,4.420000076293945,8.069999694824219,7.217500019073486,8.260711220226149,6.174288817920823,HOLD
2026-03-13 00:00:00-04:00,6.579999923706055,6.769999980926514,6.440000057220459,6.489999771118164,11346700,0,1,False,False,False,False,0,0,False,False,4.420000076293945,8.069999694824219,7.190499997138977,8.281023392202641,6.099976602075312,HOLD
2026-03-16 00:00:00-04:00,6.440000057220459,6.599999904632568,6.340000152587891,6.349999904632568,6744900,1,0,False,False,False,False,0,0,False,False,4.420000076293945,8.069999694824219,7.148499989509583,8.301989541841214,5.995010437177951,HOLD
2026-03-17 00:00:00-04:00,6.329999923706055,6.429999828338623,6.170000076293945,6.25,11404000,2,0,False,False,False,False,4,0,False,False,4.420000076293945,8.069999694824219,7.075,8.262008751767272,5.887991248232728,HOLD
2026-03-18 00:00:00-04:00,6.230000019073486,6.420000076293945,6.119999885559082,6.119999885559082,5782600,3,0,False,False,False,False,5,0,False,False,4.420000076293945,8.069999694824219,6.987999987602234,8.187747452739245,5.788252522465223,HOLD
2026-03-19 00:00:00-04:00,5.989999771118164,6.170000076293945,5.929999828338623,6.110000133514404,11421300,4,0,False,False,False,False,6,0,False,False,4.420000076293945,8.069999694824219,6.9079999923706055,8.118369321958905,5.697630662782305,HOLD
2026-03-20 00:00:00-04:00,6.090000152587891,6.130000114440918,5.829999923706055,5.849999904632568,9735800,5,0,False,False,False,False,7,0,False,False,4.420000076293945,8.069999694824219,6.7934999704360965,7.944980053403509,5.642019887468684,HOLD
2026-03-23 00:00:00-04:00,5.940000057220459,6.25,5.940000057220459,6.150000095367432,7805000,6,0,False,False,False,False,0,0,False,False,4.420000076293945,8.069999694824219,6.719999980926514,7.836479440500686,5.603520521352341,HOLD
2026-03-24 00:00:00-04:00,6.070000171661377,6.25,6.039999961853027,6.039999961853027,5289600,7,0,False,False,False,False,0,0,False,False,4.420000076293945,8.069999694824219,6.634499979019165,7.678409160637428,5.590590797400902,HOLD
2026-03-25 00:00:00-04:00,6.130000114440918,6.150000095367432,5.929999828338623,5.980000019073486,5390800,8,0,False,False,True,False,0,0,False,False,4.420000076293945,8.069999694824219,6.553999972343445,7.5340192951229845,5.5739806495639055,HOLD
2026-03-26 00:00:00-04:00,5.929999828338623,6.070000171661377,5.849999904632568,5.889999866485596,7546100,0,1,False,False,False,False,8,0,False,False,4.420000076293945,8.069999694824219,6.4674999713897705,7.3521021976866665,5.5828977450928745,HOLD
2026-03-27 00:00:00-04:00,5.840000152587891,5.880000114440918,5.699999809265137,5.739999771118164,9467500,1,0,False,False,False,False,9,0,False,False,4.420000076293945,8.069999694824219,6.383499956130981,7.204007534522228,5.562992377739734,HOLD
2026-03-30 00:00:00-04:00,5.75,5.840000152587891,5.579999923706055,5.659999847412109,8003800,2,0,False,False,False,False,10,0,False,False,4.420000076293945,8.069999694824219,6.304999947547913,7.083865557635554,5.526134337460271,HOLD
2026-03-31 00:00:00-04:00,5.800000190734863,6.070000171661377,5.800000190734863,5.909999847412109,7909100,3,0,False,False,False,False,0,0,False,False,4.420000076293945,8.069999694824219,6.244499945640564,6.940366759693362,5.548633131587767,HOLD
2026-04-01 00:00:00-04:00,5.809999942779541,5.880000114440918,5.619999885559082,5.75,8753200,4,0,False,False,False,False,0,0,False,False,4.420000076293945,8.069999694824219,6.190999937057495,6.864745184320597,5.5172546897943935,HOLD
2026-04-02 00:00:00-04:00,5.670000076293945,5.690000057220459,5.420000076293945,5.619999885559082,8670100,5,0,False,False,False,False,11,0,False,False,4.420000076293945,8.069999694824219,6.135999941825867,6.807507335080825,5.4644925485709095,HOLD
2026-04-06 00:00:00-04:00,5.650000095367432,5.920000076293945,5.599999904632568,5.900000095367432,6197700,0,1,False,False,False,False,0,0,False,False,4.420000076293945,8.069999694824219,6.101499938964844,6.7451171974736805,5.457882680456008,HOLD
2026-04-07 00:00:00-04:00,5.860000133514404,5.949999809265137,5.789999961853027,5.880000114440918,4780300,1,0,False,False,False,False,0,0,False,False,4.420000076293945,8.069999694824219,6.071499943733215,6.6964976196418995,5.446502267824531,HOLD
2026-04-08 00:00:00-04:00,6.179999828338623,6.349999904632568,5.960000038146973,5.989999771118164,9289400,0,1,False,False,False,False,0,0,False,False,4.420000076293945,8.069999694824219,6.036999940872192,6.5929287729999135,5.481071108744471,HOLD
2026-04-09 00:00:00-04:00,5.960000038146973,6.28000020980835,5.929999828338623,6.269999980926514,6473200,0,2,False,False,False,False,0,0,False,False,4.420000076293945,8.069999694824219,6.024499940872192,6.544802503725277,5.504197378019107,HOLD
2026-04-10 00:00:00-04:00,6.300000190734863,6.329999923706055,6.119999885559082,6.119999885559082,5108200,0,3,False,False,False,False,0,0,False,False,4.420000076293945,8.069999694824219,6.003499937057495,6.46700036229529,5.5399995118197,HOLD
2026-04-13 00:00:00-04:00,6.099999904632568,6.150000095367432,5.940000057220459,6.139999866485596,5673200,0,4,False,False,False,False,0,0,False,False,4.420000076293945,8.069999694824219,5.985999941825867,6.395436063817501,5.576563819834233,HOLD
2026-04-14 00:00:00-04:00,6.230000019073486,6.389999866485596,6.179999828338623,6.309999942779541,5824900,0,5,False,False,False,False,0,0,False,False,4.420000076293945,8.069999694824219,5.983999943733215,6.386277730266781,5.581722157199649,HOLD
2026-04-15 00:00:00-04:00,6.369999885559082,6.46999979019165,6.260000228881836,6.329999923706055,5867600,0,6,False,False,False,False,0,0,False,False,4.420000076293945,8.069999694824219,5.987999939918518,6.402810027123879,5.573189852713158,HOLD
2026-04-16 00:00:00-04:00,6.420000076293945,6.510000228881836,6.170000076293945,6.260000228881836,7134800,0,7,False,False,False,False,0,0,False,False,4.420000076293945,8.069999694824219,5.994999957084656,6.423682235913814,5.566317678255498,HOLD
2026-04-17 00:00:00-04:00,6.380000114440918,6.690000057220459,6.380000114440918,6.489999771118164,9082800,0,8,False,False,False,True,0,0,False,False,4.420000076293945,8.069999694824219,6.013999938964844,6.494674934964307,5.533324942965381,HOLD
2026-04-20 00:00:00-04:00,6.449999809265137,6.670000076293945,6.440000057220459,6.610000133514404,6117900,0,9,False,True,False,True,0,1,False,False,5.960000038146973,8.069999694824219,6.051999950408936,6.594299217020969,5.509700683796903,SELL (Overbought)
2026-04-21 00:00:00-04:00,6.619999885559082,6.849999904632568,6.599999904632568,6.730000019073486,7914900,0,10,False,False,False,False,0,2,False,False,5.960000038146973,8.069999694824219,6.080999946594238,6.701726247550593,5.460273645637883,HOLD
2026-04-22 00:00:00-04:00,6.739999771118164,6.809999942779541,6.239999771118164,6.320000171661377,7421100,0,11,False,False,False,False,12,0,False,False,5.960000038146973,8.069999694824219,6.094999957084656,6.724402434172214,5.465597479997097,HOLD
2026-04-23 00:00:00-04:00,6.230000019073486,6.489999771118164,6.210000038146973,6.380000114440918,5940900,1,0,False,False,False,False,0,0,False,False,5.960000038146973,8.069999694824219,6.1149999618530275,6.754358295021955,5.4756416286841,HOLD
2026-04-24 00:00:00-04:00,6.420000076293945,6.420000076293945,6.159999847412109,6.199999809265137,7263900,2,0,False,False,False,False,0,0,False,False,5.960000038146973,8.069999694824219,6.130499958992004,6.761871991170744,5.499127926813265,HOLD
2026-04-27 00:00:00-04:00,6.210000038146973,6.440000057220459,6.190000057220459,6.420000076293945,6627300,3,0,False,False,False,False,0,0,False,False,5.960000038146973,8.069999694824219,6.164499974250793,6.780376833912913,5.548623114588673,HOLD
2026-04-28 00:00:00-04:00,6.420000076293945,6.550000190734863,6.340000152587891,6.400000095367432,6640600,0,1,False,False,False,False,0,0,False,False,5.960000038146973,8.069999694824219,6.201499986648559,6.777375588253182,5.6256243850439365,HOLD
2026-04-29 00:00:00-04:00,6.460000038146973,6.460000038146973,6.099999904632568,6.170000076293945,7032200,1,0,False,False,False,False,0,0,False,False,5.960000038146973,8.069999694824219,6.214499998092651,6.774179468901493,5.6548205272838095,HOLD
2026-04-30 00:00:00-04:00,6.199999809265137,6.5,6.199999809265137,6.289999961853027,9332600,0,1,False,False,False,False,0,0,False,False,5.960000038146973,8.069999694824219,6.241499996185302,6.757201923775832,5.725798068594773,HOLD
2026-05-01 00:00:00-04:00,6.329999923706055,6.400000095367432,6.260000228881836,6.289999961853027,5895200,1,0,False,False,False,False,0,0,False,False,5.960000038146973,8.069999694824219,6.275,6.69973524264131,5.850264757358691,HOLD
2026-05-04 00:00:00-04:00,6.269999980926514,6.349999904632568,6.079999923706055,6.079999923706055,5574600,2,0,False,False,False,False,0,0,False,False,5.960000038146973,8.069999694824219,6.283999991416931,6.6820690754747725,5.88593090735909,HOLD
2026-05-05 00:00:00-04:00,6.190000057220459,6.309999942779541,6.150000095367432,6.269999980926514,5189500,0,1,False,False,False,False,0,0,False,False,5.960000038146973,8.069999694824219,6.303499984741211,6.653554216448464,5.953445753033957,HOLD
2026-05-06 00:00:00-04:00,6.460000038146973,6.53000020980835,6.360000133514404,6.460000038146973,4752600,0,2,False,False,False,False,0,3,False,False,5.960000038146973,8.069999694824219,6.326999998092651,6.650539698616223,6.003460297569079,HOLD
2026-05-07 00:00:00-04:00,6.570000171661377,6.630000114440918,6.380000114440918,6.389999866485596,6670300,0,3,False,False,False,False,0,4,False,False,5.960000038146973,8.069999694824219,6.332999992370605,6.6565396873092055,6.009460297432005,HOLD
2026-05-08 00:00:00-04:00,6.429999828338623,6.53000020980835,6.260000228881836,6.429999828338623,7103100,0,4,False,False,False,False,0,0,False,False,5.960000038146973,8.069999694824219,6.348499989509582,6.658493236262681,6.038506742756483,HOLD
2026-05-11 00:00:00-04:00,6.409999847412109,6.440000057220459,6.010000228881836,6.059999942779541,13921400,1,0,False,False,False,False,0,0,False,False,5.960000038146973,8.069999694824219,6.34449999332428,6.667608281568355,6.021391705080204,HOLD
2026-05-12 00:00:00-04:00,5.179999828338623,5.110000133514404,4.809999942779541,5.03000020980835,33151779,2,0,False,False,False,False,13,0,False,False,5.960000038146973,8.069999694824219,6.28050000667572,6.9518214920951955,5.609178521256245,BUY (Oversold)
